Student ID,Name,Differently Abled,Participate in Extra Curricular,Drink Enough Water,Eat Nutritious Food,Exercise,Sports Medals,Health Issues,Dull in Classroom,Hygienic Person,Preventive Measures,Get Ill Often,Performance
1,Mia,No,No,Yes,Yes,Yes,Yes,No,No,No,No,No,Medium
2,Evelyn,No,Yes,No,No,Yes,No,Yes,Yes,Yes,No,No,High
3,Aarshikha,Yes,Yes,No,No,Yes,Yes,No,Yes,No,Yes,No,Medium
4,Navaneeth,Yes,Yes,No,No,No,Yes,Yes,No,Yes,No,Yes,Medium
5,Sinan,No,No,No,Yes,No,No,Yes,Yes,Yes,Yes,No,Low
6,Navaneeth,No,No,Yes,Yes,Yes,Yes,Yes,No,No,No,Yes,Low
7,William,No,No,Yes,No,No,Yes,Yes,No,Yes,Yes,No,Medium
8,Dilna,Yes,No,No,Yes,Yes,Yes,Yes,No,Yes,No,Yes,Medium
9,Farook,No,Yes,Yes,No,Yes,Yes,Yes,No,Yes,Yes,Yes,Medium
10,Jyothika,Yes,No,Yes,No,No,No,No,Yes,Yes,Yes,No,Medium
11,Goutham,No,Yes,Yes,No,No,No,No,Yes,Yes,Yes,Yes,Low
12,John,Yes,Yes,No,Yes,No,No,No,No,No,No,Yes,High
13,Benjamin,No,Yes,Yes,No,Yes,Yes,No,Yes,No,Yes,No,Low
14,Harper,Yes,No,No,Yes,Yes,Yes,No,No,Yes,Yes,No,Low
15,Arjit,No,No,Yes,Yes,No,Yes,Yes,No,Yes,Yes,Yes,High
16,Evelyn,No,Yes,Yes,Yes,Yes,No,Yes,No,Yes,Yes,Yes,Low
17,Fahmida,Yes,Yes,No,No,Yes,Yes,Yes,Yes,Yes,No,No,Medium
18,Ajit,No,No,No,No,Yes,Yes,Yes,Yes,No,Yes,Yes,Medium
19,Navaneeth,Yes,Yes,No,No,No,No,Yes,No,Yes,Yes,No,High
20,Ashik,Yes,Yes,Yes,Yes,Yes,No,Yes,Yes,No,No,Yes,High
21,Sophia,No,Yes,Yes,No,Yes,No,Yes,No,Yes,No,Yes,Low
22,Isabella,No,No,No,Yes,Yes,No,Yes,No,Yes,Yes,No,Low
23,James,Yes,No,No,Yes,Yes,No,Yes,Yes,No,No,Yes,High
24,Imthiyaz,No,Yes,No,Yes,Yes,No,No,Yes,No,Yes,Yes,High
25,Aswin,Yes,No,Yes,No,No,Yes,Yes,No,No,Yes,Yes,High
26,Farook,No,Yes,Yes,No,No,No,No,Yes,Yes,Yes,Yes,High
27,Isabella,No,Yes,Yes,Yes,Yes,Yes,Yes,Yes,No,Yes,Yes,Low
28,Isabella,Yes,No,No,Yes,Yes,Yes,No,Yes,No,No,Yes,Medium
29,Amelia,No,No,Yes,Yes,Yes,Yes,No,Yes,No,Yes,Yes,Medium
30,Arjit,No,No,Yes,No,Yes,No,Yes,Yes,No,No,Yes,High
31,Jacob,Yes,Yes,Yes,No,No,Yes,No,Yes,Yes,No,Yes,High
32,Kiran,No,Yes,Yes,Yes,No,Yes,No,No,No,No,Yes,High
33,Fahmida,No,No,No,No,No,No,Yes,Yes,Yes,Yes,No,High
34,Olivia,Yes,No,Yes,No,No,No,No,Yes,Yes,No,Yes,High
35,Olivia,No,No,No,No,No,No,No,No,Yes,No,Yes,Medium
36,Emma,No,No,Yes,No,Yes,Yes,Yes,Yes,Yes,Yes,No,Medium
37,Amelia,Yes,No,No,No,No,No,Yes,No,No,Yes,Yes,High
38,Aashiyan,No,Yes,Yes,No,Yes,Yes,No,Yes,No,Yes,No,High
39,Sinan,No,No,Yes,No,Yes,No,Yes,No,Yes,Yes,Yes,High
40,Isabella,No,Yes,No,No,No,Yes,Yes,No,Yes,No,Yes,High
41,Matthew,No,Yes,Yes,No,Yes,Yes,Yes,Yes,Yes,Yes,Yes,Low
42,Jacob,No,Yes,No,No,Yes,No,No,No,Yes,Yes,No,Medium
43,Nihal,Yes,No,No,No,Yes,No,No,No,No,Yes,Yes,High
44,James,No,No,Yes,No,Yes,Yes,Yes,Yes,No,No,No,Low
45,Daniel,Yes,Yes,Yes,No,No,No,No,No,No,Yes,Yes,Medium
46,Daniel,No,Yes,No,No,Yes,Yes,No,No,No,Yes,Yes,Medium
47,Olivia,Yes,No,Yes,Yes,Yes,Yes,Yes,No,No,Yes,Yes,Medium
48,Elijah,No,Yes,No,No,Yes,Yes,Yes,Yes,Yes,Yes,No,Low
49,Aarshikha,Yes,No,No,No,No,Yes,Yes,No,No,Yes,No,High
50,Gokul,No,No,Yes,No,Yes,Yes,No,Yes,No,No,No,Medium
51,Vismaya,Yes,Yes,No,Yes,No,Yes,Yes,No,No,No,No,High
52,AdwaidUdith,No,Yes,No,Yes,No,No,Yes,Yes,Yes,No,No,High
53,Emma,No,No,Yes,Yes,No,Yes,No,No,No,No,Yes,Low
54,Jyothika,Yes,Yes,Yes,No,Yes,Yes,No,Yes,Yes,Yes,No,Low
55,Sinan,No,Yes,Yes,Yes,No,Yes,No,Yes,No,Yes,No,Low
56,Daniel,No,No,No,Yes,Yes,Yes,No,Yes,No,Yes,Yes,Low
57,Jyothika,No,Yes,Yes,No,No,No,Yes,No,Yes,Yes,No,Low
58,Zuhara,Yes,Yes,No,Yes,Yes,Yes,No,No,No,No,No,Low
59,Arjit,Yes,Yes,Yes,Yes,Yes,Yes,No,Yes,No,Yes,No,Medium
60,Sandra,No,Yes,Yes,Yes,Yes,No,Yes,No,No,Yes,Yes,Medium
61,Sinan,Yes,Yes,Yes,No,No,Yes,Yes,Yes,Yes,Yes,No,Low
62,Rohith,No,No,No,No,No,No,No,Yes,Yes,Yes,No,Medium
63,Hareesh,No,No,Yes,Yes,Yes,Yes,No,No,No,Yes,Yes,Low
64,Hareesh,Yes,No,Yes,No,Yes,Yes,Yes,No,No,No,Yes,Low
65,Nimisha,Yes,No,No,No,Yes,Yes,No,No,No,No,Yes,Medium
66,Fathima,No,Yes,No,No,No,Yes,Yes,No,No,No,No,High
67,Amelia,Yes,Yes,No,No,Yes,Yes,No,No,Yes,No,Yes,Medium
68,Sinan,Yes,Yes,Yes,Yes,No,No,No,No,Yes,No,Yes,Medium
69,James,Yes,Yes,No,Yes,Yes,No,No,Yes,Yes,No,No,Medium
70,Arjit,No,No,Yes,Yes,No,No,Yes,No,Yes,Yes,No,High
71,Jithin,Yes,Yes,No,Yes,No,No,No,No,Yes,No,No,Medium
72,Anand,No,Yes,Yes,No,Yes,Yes,No,No,No,Yes,No,Medium
73,Nihal,No,Yes,No,No,No,Yes,Yes,Yes,No,Yes,Yes,Medium
74,Goutham,Yes,Yes,No,Yes,Yes,Yes,Yes,No,Yes,Yes,No,Low
75,Aarshikha,No,No,Yes,Yes,No,Yes,No,Yes,No,No,Yes,Medium
76,Elijah,No,No,No,Yes,Yes,No,No,No,No,Yes,No,Low
77,Gokul,No,Yes,No,Yes,No,No,Yes,Yes,No,No,No,Medium
78,Elijah,No,Yes,No,Yes,Yes,No,No,Yes,No,No,No,Low
79,Mia,Yes,Yes,No,Yes,Yes,No,Yes,No,No,Yes,Yes,Medium
80,Ashwathy,Yes,No,No,Yes,Yes,No,Yes,Yes,No,No,Yes,Medium
81,James,No,No,No,No,Yes,No,Yes,No,Yes,Yes,Yes,Low
82,James,Yes,No,Yes,Yes,No,No,No,Yes,No,No,No,High
83,Mia,No,Yes,No,Yes,Yes,No,No,No,Yes,No,Yes,Low
84,Arjit,No,Yes,No,Yes,Yes,Yes,No,Yes,Yes,No,No,Medium
85,Isabella,No,No,Yes,No,No,Yes,No,No,Yes,Yes,No,Medium
86,Elijah,Yes,No,No,Yes,Yes,Yes,Yes,No,Yes,No,Yes,High
87,Adarsh,No,No,No,Yes,No,Yes,No,Yes,Yes,No,No,High
88,Sinan,No,Yes,No,No,Yes,Yes,No,No,No,No,No,Low
89,Imthiyaz,No,Yes,Yes,Yes,Yes,Yes,No,Yes,Yes,Yes,No,High
90,Navaneeth,No,No,Yes,Yes,No,No,Yes,Yes,No,Yes,Yes,Medium
91,Ajit,Yes,Yes,Yes,Yes,Yes,Yes,Yes,Yes,Yes,No,Yes,Low
92,Charlotte,No,No,No,No,Yes,Yes,Yes,Yes,Yes,No,No,Low
93,Kiran,No,No,Yes,No,Yes,Yes,No,Yes,No,No,No,Medium
94,Elijah,No,No,No,No,Yes,Yes,No,Yes,No,No,No,Medium
95,Kiran,No,No,Yes,Yes,No,No,Yes,Yes,No,No,No,Medium
96,Adarsh,Yes,Yes,Yes,Yes,No,No,Yes,No,No,No,Yes,High
97,Gokul,Yes,No,Yes,No,No,No,Yes,No,Yes,Yes,No,Low
98,Dilna,No,Yes,No,Yes,No,Yes,Yes,Yes,Yes,No,Yes,Low
99,James,No,Yes,No,Yes,No,Yes,No,Yes,Yes,No,Yes,Medium
100,Sinan,Yes,No,Yes,Yes,No,No,Yes,No,Yes,Yes,No,High
101,Adarsh,No,Yes,No,No,No,No,No,No,Yes,Yes,No,Low
102,Mia,No,No,No,Yes,No,Yes,No,Yes,No,No,Yes,Medium
103,Zuhara,No,No,Yes,Yes,No,Yes,No,No,No,No,Yes,High
104,AdwaidUdith,No,Yes,Yes,No,Yes,Yes,No,No,No,No,No,Low
105,William,Yes,No,Yes,Yes,No,No,Yes,Yes,Yes,Yes,No,High
106,AdwaidUdith,Yes,No,Yes,No,Yes,Yes,Yes,Yes,No,No,No,Medium
107,Arjit,Yes,No,Yes,Yes,No,No,No,No,No,Yes,No,Medium
108,Sinan,No,Yes,Yes,Yes,No,No,Yes,Yes,Yes,Yes,No,Medium
109,Aarshikha,Yes,No,No,Yes,Yes,Yes,No,No,No,No,No,Low
110,Jyothika,No,Yes,No,Yes,No,Yes,No,No,No,Yes,Yes,Low
111,Sinan,No,No,No,Yes,Yes,Yes,No,No,Yes,Yes,No,Medium
112,Ava,No,Yes,Yes,Yes,Yes,No,Yes,Yes,Yes,No,Yes,Low
113,Jithin,Yes,Yes,Yes,No,No,No,No,Yes,Yes,No,No,Medium
114,Goutham,Yes,Yes,Yes,Yes,Yes,No,Yes,Yes,Yes,No,Yes,High
115,Olivia,Yes,No,Yes,Yes,Yes,No,Yes,Yes,No,Yes,No,Medium
116,Jithin,Yes,Yes,No,Yes,Yes,No,No,No,Yes,No,No,High
117,Arjit,Yes,Yes,Yes,Yes,Yes,No,No,Yes,No,Yes,No,Low
118,Ganga,No,No,No,Yes,No,No,Yes,No,No,Yes,No,Low
119,Imthiyaz,Yes,No,No,Yes,Yes,No,No,Yes,Yes,No,No,High
120,Jyothika,Yes,No,No,No,Yes,Yes,No,Yes,No,Yes,Yes,High
121,Charlotte,Yes,No,No,No,Yes,No,Yes,No,Yes,Yes,No,High
122,Navaneeth,Yes,No,No,Yes,No,No,No,Yes,Yes,Yes,Yes,Medium
123,Vismaya,Yes,No,Yes,No,No,No,Yes,Yes,Yes,No,Yes,High
124,Ridha,Yes,No,No,No,No,No,Yes,No,Yes,No,Yes,High
125,Jyothika,Yes,Yes,No,Yes,Yes,Yes,Yes,Yes,Yes,Yes,Yes,High
126,Adarsh,Yes,No,No,Yes,Yes,Yes,No,No,No,Yes,No,High
127,Kiran,Yes,Yes,Yes,Yes,No,Yes,No,No,Yes,Yes,No,Medium
128,Benjamin,Yes,No,No,Yes,No,No,No,Yes,No,Yes,No,High
129,Jithin,Yes,No,No,No,Yes,Yes,Yes,Yes,Yes,No,Yes,Low
130,Zuhara,Yes,No,No,Yes,No,No,Yes,Yes,No,No,No,Low
131,Ridha,Yes,No,No,No,Yes,Yes,Yes,Yes,No,No,No,Low
132,John,Yes,Yes,No,No,No,No,Yes,No,No,No,No,Medium
133,Isabella,Yes,Yes,No,Yes,Yes,Yes,Yes,No,Yes,No,Yes,Medium
134,David,Yes,No,No,No,Yes,Yes,No,No,No,No,Yes,Low
135,Hareesh,No,No,No,No,Yes,Yes,No,No,Yes,No,No,High
136,James,Yes,No,Yes,No,No,Yes,Yes,No,Yes,No,Yes,High
137,Ridha,Yes,No,Yes,No,Yes,No,Yes,No,No,Yes,Yes,Medium
138,Fathima,No,Yes,Yes,Yes,No,No,Yes,No,No,No,Yes,High
139,Fathima,No,No,No,Yes,Yes,No,Yes,Yes,No,Yes,Yes,High
140,Elijah,No,No,No,Yes,No,No,No,No,Yes,No,No,Low
141,Harper,No,No,Yes,Yes,No,No,No,No,Yes,No,Yes,Low
142,Arjit,Yes,No,No,Yes,No,No,No,No,Yes,No,Yes,Medium
143,Evelyn,Yes,No,Yes,Yes,No,Yes,Yes,No,Yes,Yes,No,High
144,Amelia,Yes,Yes,No,No,No,Yes,Yes,Yes,No,Yes,No,Low
145,Daniel,Yes,Yes,No,No,Yes,Yes,No,No,Yes,Yes,No,Medium
146,Gokul,No,No,No,Yes,Yes,No,Yes,Yes,No,No,No,High
147,Fathima,Yes,No,No,No,No,Yes,No,No,No,No,Yes,Medium
148,Matthew,Yes,No,Yes,Yes,Yes,No,No,No,Yes,Yes,Yes,Medium
149,Sandra,Yes,No,No,No,No,Yes,Yes,No,Yes,No,No,High
150,David,Yes,Yes,No,Yes,Yes,No,No,No,Yes,Yes,No,High
151,Zuhara,Yes,Yes,No,Yes,No,No,Yes,Yes,No,No,No,Low
152,Navaneeth,Yes,Yes,Yes,Yes,No,Yes,Yes,Yes,No,No,Yes,High
153,Nimisha,No,No,Yes,No,Yes,No,No,No,Yes,Yes,Yes,Low
154,John,Yes,Yes,Yes,Yes,Yes,No,No,Yes,Yes,No,Yes,Medium
155,John,No,Yes,Yes,No,Yes,No,No,Yes,Yes,Yes,No,High
156,Rohith,No,No,No,Yes,No,No,No,Yes,Yes,No,No,High
157,Drishya,Yes,Yes,Yes,Yes,No,Yes,No,Yes,Yes,No,Yes,Low
158,Vismaya,No,Yes,No,No,No,No,Yes,Yes,Yes,No,Yes,Medium
159,AdwaidUdith,No,No,No,No,No,No,No,No,No,Yes,Yes,Medium
160,William,No,Yes,Yes,No,Yes,No,No,No,No,No,Yes,High
161,David,No,No,No,No,Yes,No,No,No,Yes,Yes,No,High
162,Jacob,No,No,Yes,Yes,Yes,Yes,No,Yes,No,Yes,No,Medium
163,Ashik,Yes,No,Yes,No,No,Yes,Yes,Yes,No,No,Yes,High
164,Arjun,Yes,Yes,No,Yes,Yes,No,Yes,No,Yes,No,Yes,Low
165,James,Yes,No,No,Yes,No,Yes,No,Yes,Yes,Yes,Yes,Medium
166,Charlotte,Yes,Yes,No,No,Yes,Yes,No,Yes,No,Yes,Yes,Low
167,Anand,Yes,No,Yes,Yes,Yes,No,Yes,Yes,No,Yes,Yes,High
168,Drishya,Yes,Yes,Yes,Yes,No,Yes,Yes,Yes,Yes,Yes,No,High
169,Kiran,Yes,No,Yes,Yes,No,Yes,Yes,No,No,No,No,High
170,William,No,No,No,No,Yes,Yes,No,No,Yes,No,Yes,High
171,Drishya,No,Yes,Yes,No,Yes,Yes,No,Yes,No,Yes,Yes,Low
172,Nimisha,No,Yes,No,Yes,No,No,No,No,Yes,Yes,Yes,Medium
173,Dilna,No,Yes,No,Yes,No,No,Yes,No,Yes,Yes,Yes,High
174,John,No,Yes,Yes,Yes,Yes,Yes,Yes,No,No,Yes,Yes,Medium
175,Sandra,No,Yes,No,Yes,Yes,No,Yes,No,Yes,Yes,Yes,High
176,Jithin,No,Yes,Yes,No,Yes,Yes,No,No,Yes,Yes,Yes,High
177,Isabella,Yes,Yes,No,No,Yes,No,No,Yes,Yes,No,Yes,Medium
178,Emma,Yes,No,No,No,Yes,No,Yes,Yes,Yes,Yes,No,High
179,Sinan,No,No,Yes,Yes,No,No,Yes,Yes,Yes,No,Yes,High
180,Emma,No,No,No,No,No,Yes,No,No,No,Yes,No,Medium
181,Mia,No,Yes,No,Yes,No,Yes,No,Yes,Yes,No,No,Low
182,James,Yes,Yes,No,No,No,Yes,Yes,No,No,No,Yes,Low
183,Navaneeth,Yes,No,Yes,No,Yes,No,Yes,Yes,Yes,No,Yes,Medium
184,Sandra,Yes,Yes,Yes,No,No,No,Yes,No,Yes,Yes,No,High
185,Zuhara,No,Yes,Yes,No,Yes,No,Yes,No,No,No,No,Low
186,Jithin,No,Yes,Yes,Yes,No,Yes,Yes,Yes,No,Yes,Yes,Medium
187,Goutham,No,No,Yes,Yes,No,No,No,No,No,Yes,Yes,Medium
188,Ridha,No,Yes,Yes,No,No,Yes,No,Yes,Yes,Yes,Yes,Low
189,Charlotte,Yes,No,Yes,No,No,No,Yes,No,No,No,Yes,Medium
190,Ashik,Yes,No,No,Yes,Yes,No,No,No,No,No,No,Medium
191,Aashiyan,No,Yes,Yes,Yes,No,Yes,No,Yes,No,No,No,High
192,Arjun,Yes,Yes,No,Yes,No,Yes,Yes,No,No,No,No,High
193,Evelyn,Yes,Yes,Yes,Yes,No,No,No,No,Yes,No,Yes,Low
194,Jyothika,No,No,No,Yes,Yes,No,Yes,No,No,Yes,Yes,Low
195,Fathima,No,No,No,Yes,Yes,Yes,No,No,Yes,No,Yes,Medium
196,Emma,No,Yes,No,No,Yes,Yes,No,Yes,Yes,Yes,Yes,Low
197,Daniel,Yes,Yes,Yes,Yes,Yes,Yes,No,Yes,No,Yes,Yes,Medium
198,Benjamin,Yes,Yes,Yes,No,No,No,No,Yes,Yes,No,No,Medium
199,James,Yes,No,No,No,No,Yes,No,Yes,No,No,No,High
200,Navaneeth,No,Yes,No,No,No,Yes,No,No,No,No,No,Medium
201,Ashwathy,Yes,Yes,No,No,No,Yes,Yes,No,No,Yes,Yes,Medium
202,Aarshikha,No,No,Yes,Yes,Yes,Yes,No,No,Yes,No,Yes,Low
203,Fahmida,Yes,No,Yes,No,No,Yes,No,Yes,Yes,Yes,Yes,High
204,Sinan,No,No,Yes,Yes,No,Yes,Yes,Yes,Yes,No,No,Medium
205,Zuhara,No,Yes,No,Yes,Yes,Yes,No,Yes,No,Yes,Yes,Medium
206,Ashwathy,No,Yes,No,No,Yes,Yes,No,No,No,No,No,Low
207,Evelyn,No,No,No,Yes,Yes,No,No,No,Yes,Yes,No,Low
208,Ajit,No,No,Yes,No,No,Yes,No,Yes,Yes,No,Yes,High
209,Imthiyaz,Yes,Yes,No,No,Yes,No,Yes,No,No,Yes,No,Medium
210,Charlotte,Yes,No,No,Yes,Yes,No,Yes,No,Yes,No,No,Medium
211,Farook,Yes,Yes,No,No,No,Yes,No,No,Yes,No,No,Medium
212,Sophia,Yes,Yes,Yes,No,No,No,Yes,No,No,Yes,Yes,Medium
213,Amelia,No,No,No,No,No,No,No,No,Yes,Yes,Yes,Low
214,Arjit,No,No,Yes,Yes,No,No,Yes,Yes,No,No,No,Low
215,Ajit,No,Yes,Yes,Yes,Yes,No,Yes,Yes,No,No,No,Medium
216,Ava,No,Yes,No,Yes,No,Yes,No,Yes,No,No,Yes,Medium
217,Ashik,Yes,Yes,No,Yes,Yes,Yes,Yes,No,No,No,Yes,Medium
218,Nihal,No,Yes,No,No,No,Yes,Yes,Yes,No,Yes,No,Medium
219,David,No,No,No,Yes,No,No,Yes,Yes,No,Yes,Yes,Low
220,Nihal,No,Yes,No,Yes,Yes,No,Yes,Yes,No,No,Yes,High
221,Michael,No,No,Yes,Yes,Yes,Yes,Yes,No,No,No,Yes,High
222,Aswin,Yes,No,Yes,Yes,No,Yes,No,No,No,No,Yes,Low
223,Olivia,No,No,Yes,Yes,Yes,Yes,Yes,No,No,Yes,No,High
224,Dilna,No,Yes,Yes,No,Yes,Yes,No,Yes,Yes,Yes,Yes,High
225,Arjun,No,No,No,No,Yes,Yes,No,Yes,Yes,Yes,No,Low
226,Arjun,No,Yes,Yes,No,No,No,Yes,Yes,Yes,Yes,Yes,Medium
227,Jacob,Yes,No,Yes,No,No,Yes,Yes,Yes,No,Yes,Yes,Medium
228,Navaneeth,No,No,Yes,No,Yes,No,No,No,No,Yes,No,High
229,Sinan,Yes,Yes,Yes,Yes,No,Yes,Yes,No,Yes,Yes,No,High
230,Sophia,Yes,Yes,No,Yes,Yes,Yes,Yes,Yes,Yes,No,No,High
231,Sophia,No,Yes,No,Yes,Yes,Yes,Yes,No,No,No,No,Low
232,Ava,No,Yes,No,No,Yes,Yes,No,Yes,No,No,No,Low
233,Drishya,Yes,Yes,No,Yes,Yes,Yes,No,No,No,Yes,No,Low
234,Nimisha,No,Yes,Yes,Yes,Yes,No,No,No,No,No,Yes,Low
235,Ava,Yes,Yes,No,No,No,Yes,No,Yes,No,Yes,Yes,Low
236,Drishya,No,Yes,Yes,No,Yes,Yes,Yes,Yes,Yes,No,Yes,Medium
237,Sandra,No,Yes,No,Yes,No,Yes,No,Yes,No,No,Yes,Low
238,Emma,No,No,No,Yes,Yes,No,No,No,Yes,Yes,Yes,High
239,Ava,No,No,No,No,No,No,No,No,No,Yes,Yes,Low
240,Jyothika,No,No,Yes,Yes,Yes,No,No,No,No,Yes,No,Medium
241,Isabella,Yes,No,Yes,No,Yes,Yes,Yes,No,No,No,Yes,High
242,Charlotte,Yes,No,Yes,No,Yes,Yes,No,No,Yes,No,No,Medium
243,Goutham,No,No,No,No,Yes,Yes,Yes,No,No,No,Yes,Medium
244,Olivia,No,Yes,Yes,No,No,Yes,Yes,No,Yes,Yes,Yes,Medium
245,Evelyn,Yes,Yes,Yes,Yes,Yes,No,Yes,Yes,No,No,No,High
246,Rohith,No,No,No,Yes,Yes,No,Yes,Yes,Yes,No,Yes,Medium
247,Anand,No,No,Yes,No,Yes,No,No,No,No,Yes,No,Medium
248,Isabella,Yes,No,No,Yes,No,Yes,No,Yes,No,Yes,Yes,High
249,Harper,Yes,No,No,Yes,Yes,No,Yes,Yes,No,Yes,No,Low
250,Imthiyaz,Yes,No,Yes,No,Yes,Yes,No,No,Yes,Yes,Yes,High
251,Nimisha,No,Yes,No,Yes,No,Yes,Yes,Yes,Yes,Yes,Yes,Medium
252,Zuhara,Yes,Yes,No,Yes,No,Yes,No,No,Yes,No,Yes,Medium
253,Aswin,No,Yes,No,No,Yes,No,Yes,No,No,Yes,No,Low
254,Evelyn,No,No,No,Yes,Yes,Yes,No,No,Yes,Yes,Yes,Medium
255,Jithin,No,No,Yes,Yes,No,No,No,Yes,No,Yes,No,Low
256,John,Yes,No,No,Yes,No,No,No,No,No,Yes,Yes,Low
257,Jithin,No,No,Yes,Yes,No,No,No,Yes,Yes,Yes,Yes,Medium
258,Jyothika,No,No,No,No,Yes,Yes,Yes,No,No,Yes,No,Medium
259,Aashiyan,Yes,No,No,Yes,No,Yes,Yes,Yes,Yes,No,Yes,Medium
260,Rohith,No,Yes,Yes,No,Yes,No,Yes,Yes,No,Yes,Yes,High
261,Daniel,No,Yes,Yes,No,No,No,Yes,Yes,Yes,Yes,Yes,High
262,Aashiyan,Yes,No,No,Yes,No,Yes,Yes,Yes,No,No,Yes,Medium
263,Ashik,Yes,Yes,Yes,Yes,Yes,No,No,Yes,No,No,No,Low
264,Ridha,Yes,Yes,No,No,No,No,Yes,No,No,No,No,High
265,Olivia,Yes,No,No,Yes,No,Yes,No,No,Yes,No,No,Medium
266,Jyothika,No,Yes,Yes,No,Yes,Yes,Yes,Yes,No,No,No,Low
267,AdwaidUdith,No,No,Yes,No,Yes,No,No,No,No,Yes,No,Medium
268,Drishya,Yes,No,Yes,Yes,Yes,No,No,No,Yes,No,Yes,Medium
269,Arjit,Yes,Yes,Yes,No,No,Yes,No,Yes,No,No,No,High
270,Jyothika,No,Yes,Yes,Yes,No,Yes,Yes,No,Yes,Yes,No,High
271,William,Yes,No,Yes,Yes,Yes,No,Yes,No,No,No,No,Medium
272,Ava,Yes,No,No,Yes,No,No,Yes,Yes,Yes,No,Yes,High
273,Imthiyaz,No,No,Yes,Yes,Yes,Yes,Yes,No,Yes,No,Yes,Medium
274,Dilna,No,Yes,Yes,No,Yes,No,No,Yes,Yes,Yes,Yes,Medium
275,Drishya,No,Yes,No,Yes,No,No,Yes,Yes,No,Yes,Yes,Medium
276,Jyothika,Yes,Yes,Yes,No,No,Yes,Yes,No,Yes,No,Yes,High
277,Fathima,Yes,No,Yes,No,Yes,No,Yes,Yes,Yes,No,No,High
278,Amelia,Yes,No,Yes,Yes,No,Yes,No,Yes,No,No,Yes,Low
279,Jithin,Yes,Yes,No,Yes,No,No,No,Yes,Yes,Yes,Yes,Medium
280,Hareesh,No,No,Yes,No,Yes,Yes,Yes,No,No,No,No,Medium
281,Sinan,No,No,Yes,Yes,Yes,Yes,Yes,No,Yes,No,Yes,Low
282,Ava,No,Yes,Yes,Yes,No,Yes,Yes,No,No,Yes,No,Medium
283,Fathima,Yes,No,No,No,Yes,No,Yes,No,No,No,Yes,Medium
284,Kiran,Yes,No,No,Yes,Yes,Yes,Yes,No,No,No,Yes,Medium
285,Nimisha,No,Yes,Yes,Yes,No,Yes,No,Yes,No,No,No,Low
286,William,Yes,No,No,No,Yes,No,Yes,Yes,No,No,Yes,High
287,Hareesh,Yes,No,No,Yes,Yes,Yes,No,No,No,No,No,Low
288,Charlotte,No,Yes,No,Yes,No,Yes,No,No,No,Yes,Yes,Low
289,Arjit,No,No,No,Yes,No,Yes,Yes,No,No,No,No,Medium
290,Jyothika,No,No,Yes,No,No,Yes,Yes,Yes,Yes,No,Yes,High
291,Benjamin,Yes,Yes,Yes,No,Yes,Yes,No,No,Yes,Yes,Yes,Medium
292,Ashwathy,Yes,No,No,Yes,Yes,Yes,Yes,No,Yes,Yes,No,Medium
293,Goutham,No,No,Yes,No,No,Yes,No,No,No,Yes,Yes,High
294,Ajit,No,Yes,No,No,No,Yes,No,No,No,Yes,No,Low
295,AdwaidUdith,Yes,Yes,No,No,Yes,Yes,No,No,Yes,Yes,No,Low
296,Jyothika,Yes,Yes,No,Yes,Yes,Yes,Yes,Yes,Yes,Yes,No,Low
297,Drishya,Yes,No,No,No,No,Yes,No,No,Yes,Yes,Yes,High
298,Jithin,No,Yes,No,No,No,No,No,Yes,Yes,No,No,Medium
299,Evelyn,Yes,Yes,No,No,Yes,Yes,No,No,No,No,No,Medium
300,Arjit,Yes,No,Yes,Yes,Yes,Yes,No,Yes,No,No,Yes,Low
301,John,No,Yes,Yes,Yes,Yes,Yes,No,No,Yes,Yes,Yes,Medium
302,Arjit,No,Yes,No,No,Yes,No,No,Yes,Yes,Yes,No,Low
303,Ashik,No,No,No,Yes,Yes,Yes,No,No,Yes,Yes,Yes,Low
304,Charlotte,No,Yes,Yes,Yes,No,No,Yes,Yes,No,No,Yes,Medium
305,Ajit,No,Yes,No,Yes,No,Yes,No,Yes,Yes,Yes,Yes,Low
306,Jithin,No,Yes,No,Yes,No,Yes,No,Yes,No,No,Yes,Low
307,AdwaidUdith,No,No,No,No,No,No,No,No,Yes,Yes,Yes,Low
308,Ashik,Yes,Yes,Yes,Yes,No,Yes,No,Yes,Yes,Yes,Yes,Medium
309,Hareesh,Yes,No,No,No,No,Yes,Yes,Yes,No,No,Yes,Low
310,Ajit,Yes,No,No,Yes,No,Yes,Yes,No,No,Yes,No,High
311,Jyothika,No,Yes,Yes,Yes,Yes,No,Yes,Yes,No,No,No,Medium
312,Aarshikha,No,No,No,Yes,Yes,No,No,Yes,No,Yes,No,Medium
313,Dilna,Yes,No,No,No,No,No,No,No,Yes,No,Yes,Low
314,Arjun,Yes,No,Yes,Yes,No,No,No,Yes,No,Yes,No,Medium
315,AdwaidUdith,Yes,Yes,No,Yes,No,No,Yes,Yes,Yes,Yes,No,Medium
316,Drishya,Yes,Yes,No,No,Yes,Yes,Yes,No,No,No,No,Low
317,Ajit,No,Yes,No,Yes,No,Yes,Yes,Yes,Yes,No,Yes,High
318,Imthiyaz,No,Yes,Yes,Yes,Yes,Yes,No,No,No,No,No,Medium
319,Jithin,Yes,Yes,No,Yes,Yes,Yes,Yes,Yes,No,Yes,Yes,Medium
320,Isabella,Yes,No,No,No,Yes,Yes,Yes,Yes,No,Yes,Yes,Medium
321,Gokul,Yes,Yes,Yes,Yes,Yes,No,Yes,Yes,No,No,Yes,High
322,Imthiyaz,No,Yes,Yes,No,Yes,Yes,Yes,No,Yes,No,Yes,Low
323,Arjun,Yes,No,Yes,Yes,Yes,No,No,Yes,No,Yes,No,High
324,Anand,No,Yes,Yes,Yes,Yes,Yes,No,No,No,No,Yes,High
325,Farook,Yes,Yes,Yes,No,Yes,Yes,Yes,No,No,No,No,Low
326,Kiran,Yes,Yes,Yes,Yes,No,No,Yes,Yes,Yes,No,Yes,Low
327,Harper,Yes,No,Yes,No,No,No,No,Yes,No,No,Yes,Low
328,Harper,No,Yes,No,Yes,No,No,No,No,No,No,Yes,Low
329,Rohith,No,Yes,Yes,No,Yes,Yes,Yes,No,Yes,No,No,Medium
330,Vismaya,No,No,No,Yes,No,Yes,Yes,No,Yes,No,Yes,Low
331,Zuhara,Yes,Yes,Yes,Yes,No,No,Yes,No,No,No,Yes,Medium
332,William,No,Yes,Yes,Yes,Yes,Yes,Yes,Yes,No,Yes,Yes,High
333,Dilna,No,Yes,Yes,No,Yes,Yes,Yes,No,No,Yes,Yes,High
334,Fahmida,Yes,Yes,No,Yes,No,No,No,No,No,Yes,Yes,Medium
335,Mia,Yes,No,Yes,Yes,Yes,Yes,Yes,No,No,Yes,No,Low
336,Michael,Yes,Yes,No,Yes,No,No,No,No,No,No,No,Low
337,Aswin,Yes,No,No,Yes,Yes,Yes,No,Yes,Yes,No,No,High
338,Sandra,Yes,Yes,Yes,Yes,Yes,No,No,No,No,Yes,Yes,Medium
339,Fahmida,Yes,No,Yes,No,No,Yes,No,Yes,No,Yes,Yes,High
340,Imthiyaz,No,No,No,Yes,No,Yes,Yes,No,Yes,Yes,No,Medium
341,Aswin,Yes,No,Yes,Yes,Yes,Yes,Yes,No,Yes,Yes,No,High
342,Jyothika,No,No,Yes,Yes,Yes,No,No,Yes,Yes,No,No,Low
343,Ajit,Yes,No,Yes,Yes,Yes,No,No,No,No,No,No,Low
344,Goutham,No,Yes,No,Yes,No,No,Yes,Yes,No,No,Yes,Low
345,Goutham,No,No,Yes,No,No,Yes,No,Yes,No,No,No,Low
346,Arjit,Yes,Yes,Yes,No,No,Yes,Yes,Yes,Yes,No,Yes,Low
347,Goutham,Yes,No,No,Yes,Yes,No,Yes,No,No,No,Yes,Low
348,Sinan,No,Yes,Yes,No,Yes,No,Yes,Yes,Yes,No,No,Low
349,Nihal,Yes,No,Yes,Yes,Yes,No,No,No,No,Yes,Yes,Low
350,Navaneeth,No,No,No,Yes,Yes,No,No,No,No,No,No,High
351,Imthiyaz,No,Yes,Yes,No,No,No,Yes,Yes,No,Yes,No,High
352,Benjamin,Yes,Yes,Yes,Yes,No,Yes,No,Yes,No,Yes,Yes,Medium
353,Navaneeth,No,Yes,Yes,No,Yes,No,Yes,No,Yes,No,No,Low
354,James,No,No,Yes,No,Yes,Yes,Yes,No,No,Yes,No,Medium
355,James,Yes,Yes,No,No,Yes,No,No,No,No,Yes,Yes,Medium
356,Aswin,Yes,No,No,No,Yes,No,No,Yes,Yes,Yes,No,Medium
357,James,Yes,Yes,No,Yes,No,No,Yes,Yes,Yes,No,Yes,High
358,Ashwathy,Yes,No,No,No,No,No,No,No,Yes,No,Yes,High
359,Ava,Yes,No,No,Yes,No,No,Yes,Yes,No,No,No,Low
360,Jacob,Yes,Yes,Yes,No,Yes,Yes,Yes,Yes,No,Yes,Yes,Low
361,Jyothika,No,No,No,Yes,No,Yes,No,Yes,No,No,Yes,Medium
362,Zuhara,No,Yes,Yes,No,Yes,Yes,Yes,No,Yes,No,Yes,Medium
363,David,Yes,No,No,No,No,Yes,No,No,No,Yes,No,High
364,Imthiyaz,No,Yes,Yes,Yes,No,No,Yes,Yes,No,Yes,No,Low
365,Ava,No,No,Yes,No,Yes,Yes,Yes,No,No,No,Yes,Medium
366,Vismaya,Yes,No,Yes,Yes,Yes,No,No,Yes,No,Yes,Yes,High
367,Aarshikha,No,No,No,Yes,Yes,Yes,Yes,No,Yes,Yes,No,Low
368,Kiran,Yes,Yes,No,No,Yes,No,No,Yes,No,No,Yes,Low
369,Daniel,No,No,No,Yes,No,Yes,No,Yes,No,Yes,No,Medium
370,Nimisha,Yes,No,Yes,Yes,No,Yes,Yes,No,Yes,No,No,Medium
371,Dilna,No,Yes,No,Yes,Yes,No,No,No,Yes,No,Yes,Low
372,Benjamin,No,Yes,Yes,No,Yes,No,No,Yes,Yes,Yes,No,High
373,Vismaya,No,No,No,No,No,Yes,Yes,No,No,No,Yes,Medium
374,Ashik,No,Yes,No,Yes,No,No,No,No,Yes,Yes,No,High
375,Nihal,Yes,No,No,Yes,Yes,No,Yes,No,No,Yes,No,Medium
376,Matthew,Yes,No,No,Yes,No,Yes,No,No,Yes,Yes,No,Medium
377,Aswin,Yes,Yes,Yes,No,No,No,Yes,Yes,Yes,Yes,Yes,High
378,Harper,No,Yes,Yes,Yes,No,Yes,No,No,No,No,No,Medium
379,AdwaidUdith,No,Yes,No,No,Yes,No,Yes,No,No,No,Yes,Medium
380,Benjamin,No,Yes,No,Yes,Yes,Yes,Yes,Yes,No,Yes,Yes,Medium
381,Ganga,No,No,Yes,Yes,No,Yes,Yes,Yes,Yes,Yes,Yes,Low
382,Ashik,Yes,Yes,Yes,Yes,Yes,No,Yes,No,Yes,Yes,No,Low
383,Jyothika,Yes,No,No,No,No,Yes,No,No,Yes,No,Yes,Low
384,Imthiyaz,No,No,No,Yes,No,Yes,Yes,No,Yes,No,Yes,High
385,John,No,No,Yes,No,No,Yes,No,Yes,Yes,No,No,Low
386,Ashik,Yes,Yes,No,Yes,No,Yes,No,No,No,Yes,No,Low
387,Nihal,Yes,Yes,No,Yes,Yes,No,Yes,No,No,Yes,No,Medium
388,Kiran,No,Yes,No,No,Yes,No,Yes,No,Yes,Yes,No,Medium
389,Charlotte,No,No,Yes,Yes,No,No,No,No,No,No,No,High
390,AdwaidUdith,No,No,Yes,No,Yes,Yes,No,Yes,No,Yes,No,Low
391,Jyothika,Yes,No,No,No,No,No,Yes,Yes,Yes,Yes,Yes,Low
392,Benjamin,Yes,No,Yes,No,Yes,Yes,Yes,Yes,Yes,Yes,No,Low
393,William,No,Yes,Yes,No,No,No,No,No,No,Yes,Yes,Medium
394,Ganga,No,No,No,No,No,No,Yes,No,Yes,No,No,Low
395,Aashiyan,No,Yes,Yes,Yes,No,Yes,No,No,No,Yes,Yes,Medium
396,William,Yes,Yes,Yes,No,No,No,Yes,Yes,No,Yes,No,Medium
397,Sinan,Yes,Yes,No,Yes,No,Yes,No,No,Yes,No,Yes,Medium
398,Aashiyan,Yes,Yes,Yes,Yes,Yes,Yes,No,Yes,Yes,No,No,High
399,Isabella,No,No,No,Yes,No,No,No,No,Yes,No,Yes,High
400,Olivia,No,Yes,No,Yes,No,Yes,Yes,No,Yes,Yes,Yes,Low
401,Arjun,Yes,No,No,No,No,No,No,Yes,No,No,No,High
402,Aarshikha,No,No,Yes,Yes,Yes,No,Yes,Yes,No,No,No,Medium
403,Harper,No,Yes,Yes,No,Yes,Yes,No,Yes,No,Yes,No,Low
404,Imthiyaz,No,Yes,Yes,No,No,Yes,No,Yes,No,Yes,No,Low
405,Ava,Yes,Yes,Yes,No,No,No,No,No,No,No,No,Low
406,Benjamin,No,Yes,No,Yes,Yes,Yes,No,No,No,No,No,Low
407,Farook,Yes,No,No,No,No,Yes,Yes,No,No,No,Yes,Medium
408,Evelyn,No,No,Yes,No,Yes,No,Yes,No,No,Yes,Yes,Low
409,Fahmida,No,Yes,No,No,No,Yes,Yes,No,No,Yes,Yes,Low
410,Sinan,Yes,No,Yes,No,Yes,No,No,Yes,Yes,No,No,Medium
411,Olivia,Yes,No,Yes,No,No,Yes,Yes,Yes,No,Yes,No,High
412,Charlotte,No,No,Yes,No,Yes,No,No,No,Yes,No,Yes,Medium
413,Charlotte,Yes,No,No,No,Yes,No,No,No,No,Yes,Yes,Low
414,Adarsh,No,No,No,No,No,Yes,Yes,No,No,Yes,Yes,Low
415,Arjit,No,Yes,No,Yes,No,No,No,Yes,No,Yes,No,High
416,Dilna,No,No,Yes,No,Yes,Yes,Yes,Yes,Yes,No,No,Low
417,James,No,No,Yes,Yes,Yes,Yes,No,No,Yes,Yes,Yes,Low
418,John,Yes,Yes,No,Yes,No,No,Yes,No,Yes,Yes,No,Medium
419,Aashiyan,Yes,Yes,Yes,No,Yes,Yes,Yes,No,No,No,No,Medium
420,Olivia,Yes,Yes,Yes,No,Yes,Yes,Yes,No,No,No,Yes,Medium
421,Aarshikha,No,No,No,No,No,Yes,Yes,Yes,No,Yes,No,Medium
422,Rohith,No,No,No,Yes,Yes,Yes,No,Yes,Yes,Yes,Yes,Low
423,Ashik,No,Yes,Yes,Yes,No,Yes,No,No,Yes,No,No,High
424,Isabella,Yes,No,No,No,Yes,Yes,No,Yes,Yes,Yes,Yes,Low
425,Ajit,Yes,Yes,Yes,Yes,No,Yes,No,Yes,Yes,Yes,No,High
426,Elijah,Yes,No,No,No,Yes,Yes,No,No,Yes,Yes,No,High
427,Dilna,No,No,Yes,Yes,No,No,No,Yes,Yes,Yes,Yes,High
428,Elijah,No,Yes,Yes,No,No,No,Yes,No,Yes,Yes,No,Low
429,Drishya,No,No,Yes,No,No,No,No,No,Yes,Yes,Yes,Low
430,Ashwathy,Yes,Yes,No,No,No,No,No,No,No,No,No,High
431,Evelyn,Yes,Yes,Yes,No,No,Yes,Yes,No,Yes,No,No,Low
432,David,No,Yes,Yes,No,Yes,Yes,No,No,Yes,No,Yes,Low
433,Benjamin,No,No,No,Yes,Yes,Yes,Yes,Yes,Yes,Yes,Yes,Low
434,Ajit,Yes,Yes,No,No,No,Yes,Yes,Yes,No,Yes,Yes,Medium
435,Adarsh,Yes,Yes,Yes,Yes,Yes,No,No,Yes,No,Yes,Yes,High
436,Isabella,No,Yes,Yes,Yes,Yes,Yes,No,Yes,No,Yes,Yes,Medium
437,Olivia,No,No,Yes,No,No,No,Yes,No,Yes,Yes,No,High
438,Charlotte,No,Yes,No,No,No,No,No,No,No,No,Yes,Medium
439,Ashwathy,No,No,No,Yes,No,No,No,No,No,Yes,Yes,High
440,Zuhara,Yes,Yes,No,No,Yes,Yes,Yes,No,No,No,Yes,High
441,Aarshikha,Yes,No,No,Yes,Yes,No,No,Yes,Yes,Yes,Yes,Medium
442,Sandra,Yes,Yes,Yes,No,No,No,No,No,No,Yes,Yes,Low
443,Ashwathy,No,No,No,No,Yes,Yes,Yes,Yes,Yes,Yes,Yes,High
444,Fathima,Yes,Yes,Yes,Yes,Yes,Yes,Yes,Yes,Yes,Yes,No,High
445,Charlotte,No,No,No,No,No,Yes,Yes,Yes,No,Yes,Yes,Medium
446,Mia,Yes,Yes,Yes,Yes,Yes,Yes,No,No,Yes,Yes,Yes,Low
447,Aarshikha,Yes,No,Yes,Yes,Yes,No,Yes,Yes,No,No,Yes,High
448,Jacob,No,No,Yes,No,No,Yes,No,Yes,No,No,No,Medium
449,Nimisha,Yes,No,Yes,No,No,Yes,No,Yes,No,Yes,No,Medium
450,Gokul,No,No,Yes,Yes,No,No,Yes,Yes,No,No,Yes,Medium
451,Arjit,Yes,No,No,No,Yes,Yes,Yes,No,No,No,Yes,High
452,Jacob,Yes,No,No,Yes,Yes,No,Yes,Yes,No,No,No,Low
453,Charlotte,No,Yes,No,Yes,Yes,Yes,No,Yes,Yes,Yes,Yes,Medium
454,Sandra,Yes,No,Yes,Yes,No,No,No,Yes,Yes,No,No,High
455,Nimisha,No,Yes,No,No,Yes,No,Yes,Yes,No,No,Yes,Low
456,Zuhara,No,Yes,No,No,Yes,Yes,No,No,Yes,No,No,Low
457,Jacob,No,No,Yes,Yes,Yes,No,No,No,No,Yes,No,High
458,Rohith,Yes,Yes,No,No,No,No,Yes,No,No,Yes,Yes,High
459,AdwaidUdith,No,Yes,Yes,Yes,No,No,Yes,Yes,No,No,No,Low
460,Ajit,No,Yes,Yes,No,No,No,Yes,No,No,Yes,Yes,Low
461,Nimisha,Yes,Yes,Yes,No,No,Yes,No,No,No,No,Yes,High
462,Nimisha,Yes,No,No,Yes,Yes,Yes,No,Yes,No,No,No,Medium
463,Sinan,No,Yes,Yes,Yes,Yes,No,No,No,No,No,No,Medium
464,Ajit,No,Yes,No,No,No,No,Yes,No,Yes,No,Yes,High
465,Aswin,Yes,Yes,Yes,No,No,Yes,No,Yes,No,Yes,Yes,High
466,Imthiyaz,Yes,No,No,No,Yes,Yes,No,Yes,Yes,No,No,Medium
467,Benjamin,Yes,No,No,Yes,No,No,Yes,No,No,No,Yes,High
468,Arjun,No,No,Yes,No,Yes,Yes,Yes,Yes,Yes,No,No,Low
469,John,Yes,No,Yes,No,Yes,No,No,No,Yes,Yes,Yes,High
470,Sinan,No,No,No,Yes,Yes,Yes,No,No,Yes,Yes,Yes,Low
471,Ava,Yes,Yes,No,No,Yes,No,No,Yes,Yes,No,No,Medium
472,Vismaya,No,No,Yes,No,Yes,Yes,Yes,Yes,No,Yes,Yes,Medium
473,James,Yes,Yes,Yes,Yes,No,Yes,Yes,Yes,Yes,No,No,Low
474,Elijah,No,Yes,No,No,Yes,No,No,Yes,No,No,No,High
475,Michael,No,Yes,Yes,Yes,No,No,No,No,No,Yes,No,High
476,Ajit,Yes,Yes,Yes,Yes,Yes,Yes,No,No,Yes,Yes,No,High
477,Aashiyan,Yes,No,Yes,Yes,No,No,Yes,Yes,Yes,Yes,Yes,Medium
478,Anand,Yes,Yes,No,No,No,Yes,Yes,Yes,No,No,No,Low
479,David,No,No,No,No,Yes,No,Yes,No,No,Yes,Yes,High
480,Arjun,Yes,No,Yes,No,Yes,Yes,Yes,No,No,No,Yes,Medium
481,AdwaidUdith,No,No,Yes,Yes,No,Yes,No,No,No,Yes,No,High
482,Daniel,No,Yes,No,Yes,No,No,Yes,No,No,No,Yes,Low
483,Isabella,No,No,No,Yes,Yes,Yes,No,No,Yes,No,Yes,Medium
484,Jithin,Yes,No,Yes,No,No,Yes,No,No,Yes,No,No,Low
485,Ajit,No,Yes,Yes,No,Yes,No,No,Yes,Yes,No,Yes,High
486,Imthiyaz,Yes,Yes,Yes,Yes,No,No,No,No,No,Yes,Yes,High
487,Ridha,Yes,No,No,No,Yes,No,Yes,No,Yes,Yes,Yes,High
488,Dilna,Yes,No,Yes,No,No,Yes,Yes,No,No,No,Yes,Medium
489,AdwaidUdith,No,No,Yes,Yes,No,Yes,No,Yes,Yes,Yes,Yes,Low
490,Zuhara,Yes,No,Yes,Yes,No,No,No,No,No,Yes,Yes,Medium
491,Aarshikha,No,Yes,No,Yes,Yes,No,No,No,Yes,Yes,No,Medium
492,Aarshikha,No,No,Yes,No,No,Yes,Yes,No,No,No,No,Medium
493,Mia,No,No,Yes,Yes,Yes,No,Yes,Yes,No,Yes,No,High
494,Adarsh,No,Yes,Yes,Yes,No,Yes,No,No,No,Yes,Yes,Medium
495,Ganga,Yes,Yes,No,Yes,Yes,Yes,Yes,Yes,No,Yes,No,Low
496,Mia,No,Yes,No,No,Yes,No,No,No,Yes,No,Yes,High
497,Mia,No,No,No,No,Yes,No,No,No,No,Yes,Yes,High
498,John,Yes,No,Yes,Yes,No,No,No,Yes,No,No,No,High
499,Sinan,No,Yes,No,No,Yes,No,Yes,Yes,Yes,No,Yes,Medium
500,Navaneeth,No,No,Yes,Yes,Yes,Yes,No,No,Yes,Yes,Yes,High
501,Aarshikha,No,No,Yes,No,Yes,Yes,No,No,Yes,Yes,No,Medium
502,Olivia,No,No,No,Yes,No,Yes,No,No,Yes,Yes,No,Medium
503,AdwaidUdith,No,No,Yes,Yes,No,No,No,Yes,No,Yes,Yes,Medium
504,John,No,Yes,No,Yes,Yes,No,Yes,No,No,No,No,Medium
505,David,No,No,No,Yes,No,Yes,Yes,Yes,No,Yes,No,Medium
506,Harper,No,Yes,No,No,Yes,Yes,Yes,No,Yes,No,No,Medium
507,William,Yes,No,No,Yes,No,Yes,No,Yes,No,Yes,Yes,High
508,Olivia,No,No,Yes,Yes,No,No,No,No,No,Yes,No,High
509,Aashiyan,Yes,No,Yes,No,No,No,Yes,Yes,Yes,No,No,Medium
510,Arjit,Yes,No,No,No,No,Yes,Yes,Yes,Yes,No,No,Medium
511,Benjamin,No,No,No,Yes,Yes,No,No,No,No,No,Yes,Medium
512,John,No,Yes,No,Yes,Yes,Yes,No,No,Yes,No,Yes,Low
513,Hareesh,No,Yes,No,No,No,No,No,No,No,Yes,No,Low
514,Drishya,Yes,No,Yes,No,No,Yes,Yes,Yes,Yes,Yes,No,High
515,Ridha,Yes,No,No,No,Yes,Yes,No,No,No,No,No,Low
516,Zuhara,Yes,Yes,No,No,No,Yes,No,No,Yes,Yes,No,Medium
517,David,Yes,Yes,Yes,No,No,Yes,Yes,Yes,Yes,No,Yes,Low
518,Emma,Yes,Yes,No,Yes,No,Yes,No,No,No,Yes,Yes,Medium
519,Nimisha,Yes,Yes,Yes,No,No,No,No,No,No,No,No,Low
520,Aarshikha,Yes,Yes,Yes,Yes,No,No,Yes,Yes,No,Yes,Yes,Low
521,Anand,No,Yes,Yes,Yes,No,Yes,No,Yes,Yes,Yes,No,Medium
522,Ashik,No,No,No,No,Yes,Yes,Yes,Yes,No,Yes,No,Medium
523,Farook,No,No,Yes,No,No,Yes,Yes,Yes,Yes,Yes,Yes,Medium
524,Ajit,Yes,No,Yes,No,Yes,No,Yes,No,No,No,No,Low
525,Aswin,Yes,Yes,No,Yes,No,No,No,Yes,No,Yes,Yes,High
526,Isabella,No,No,No,No,Yes,No,Yes,No,Yes,No,Yes,Low
527,David,No,Yes,No,No,Yes,No,Yes,No,No,No,No,Medium
528,Gokul,Yes,No,No,Yes,Yes,Yes,Yes,No,No,Yes,Yes,Medium
529,Rohith,No,No,No,Yes,No,Yes,Yes,Yes,No,Yes,Yes,Medium
530,Jyothika,No,No,Yes,Yes,No,No,No,No,No,Yes,No,High
531,Fahmida,No,No,No,No,No,Yes,No,Yes,No,No,No,Medium
532,Isabella,No,No,No,No,Yes,No,No,Yes,Yes,Yes,No,Medium
533,Ava,No,Yes,Yes,No,Yes,No,Yes,No,No,No,No,Medium
534,Vismaya,Yes,Yes,Yes,No,No,Yes,Yes,Yes,Yes,Yes,No,High
535,John,No,No,Yes,Yes,No,No,Yes,Yes,Yes,No,Yes,Low
536,Adarsh,Yes,No,Yes,No,Yes,Yes,No,Yes,Yes,Yes,Yes,Medium
537,Aswin,No,No,Yes,No,No,Yes,Yes,No,Yes,Yes,No,Low
538,Daniel,Yes,No,No,No,No,Yes,No,Yes,No,No,No,Low
539,Ajit,No,Yes,Yes,No,No,No,Yes,No,Yes,No,No,Low
540,Aswin,Yes,No,No,No,No,Yes,No,No,No,Yes,No,High
541,Isabella,No,Yes,No,No,Yes,Yes,No,Yes,No,Yes,Yes,Medium
542,Sandra,No,Yes,No,Yes,Yes,Yes,No,No,No,Yes,No,Low
543,Evelyn,No,No,No,Yes,Yes,Yes,Yes,Yes,No,Yes,No,Medium
544,Kiran,No,Yes,No,Yes,No,Yes,Yes,No,Yes,Yes,Yes,Low
545,William,No,No,No,Yes,No,Yes,No,Yes,No,No,Yes,Low
546,Sandra,No,No,No,No,Yes,Yes,Yes,Yes,No,Yes,No,High
547,Ashwathy,Yes,Yes,Yes,Yes,Yes,No,Yes,Yes,Yes,No,Yes,Medium
548,Emma,No,No,Yes,No,Yes,Yes,Yes,Yes,Yes,No,Yes,Low
549,Sinan,Yes,No,No,Yes,Yes,Yes,No,Yes,No,No,No,Medium
550,James,Yes,No,No,No,Yes,Yes,Yes,No,Yes,No,Yes,Low
551,Michael,No,Yes,No,Yes,No,Yes,No,No,No,No,Yes,Medium
552,Fathima,Yes,Yes,No,Yes,No,Yes,No,Yes,No,Yes,No,Low
553,Matthew,No,Yes,Yes,Yes,Yes,Yes,Yes,Yes,No,Yes,Yes,Medium
554,Olivia,No,Yes,Yes,No,No,No,Yes,No,No,Yes,No,Low
555,Kiran,Yes,No,No,Yes,Yes,Yes,Yes,Yes,Yes,No,Yes,Medium
556,Michael,Yes,No,No,Yes,Yes,Yes,Yes,Yes,No,No,Yes,High
557,Rohith,Yes,Yes,No,Yes,Yes,No,Yes,Yes,No,Yes,Yes,Low
558,Gokul,Yes,Yes,No,Yes,No,No,Yes,Yes,Yes,Yes,No,Low
559,Isabella,No,No,No,Yes,No,Yes,Yes,Yes,No,Yes,Yes,Medium
560,Evelyn,No,Yes,Yes,Yes,No,Yes,Yes,Yes,No,No,No,High
561,Daniel,Yes,Yes,Yes,No,No,Yes,Yes,No,Yes,No,No,Medium
562,Ganga,Yes,Yes,No,No,No,Yes,No,Yes,Yes,No,No,Low
563,Elijah,No,No,Yes,Yes,No,Yes,No,No,No,Yes,No,Low
564,Imthiyaz,Yes,No,No,No,No,No,Yes,Yes,Yes,No,No,High
565,Goutham,No,Yes,Yes,Yes,Yes,Yes,Yes,Yes,No,No,No,Low
566,Farook,No,Yes,No,Yes,No,No,No,No,Yes,No,No,Low
567,Nihal,Yes,No,No,Yes,Yes,No,Yes,No,No,No,No,Low
568,Zuhara,No,No,Yes,No,No,No,Yes,Yes,Yes,No,Yes,Medium
569,Michael,Yes,Yes,Yes,Yes,Yes,Yes,No,No,Yes,Yes,No,Medium
570,Kiran,No,No,Yes,Yes,No,Yes,No,Yes,No,No,Yes,High
571,Aarshikha,Yes,Yes,No,No,Yes,No,No,Yes,No,Yes,Yes,Low
572,Zuhara,Yes,Yes,No,Yes,Yes,Yes,Yes,Yes,No,No,No,High
573,Ridha,No,Yes,No,Yes,No,No,No,Yes,Yes,No,Yes,High
574,John,Yes,Yes,No,No,Yes,Yes,No,No,Yes,Yes,Yes,High
575,Jyothika,No,Yes,Yes,No,Yes,No,No,Yes,Yes,Yes,Yes,Medium
576,AdwaidUdith,Yes,Yes,Yes,Yes,No,No,Yes,No,No,No,Yes,High
577,Emma,Yes,Yes,No,Yes,Yes,No,Yes,No,No,Yes,Yes,Medium
578,Anand,Yes,Yes,Yes,No,No,No,Yes,No,Yes,No,Yes,Medium
579,Goutham,Yes,No,Yes,No,Yes,Yes,Yes,Yes,No,Yes,No,Medium
580,Michael,No,Yes,No,No,Yes,No,Yes,Yes,No,Yes,Yes,Low
581,Arjit,No,Yes,Yes,Yes,Yes,No,No,Yes,Yes,Yes,No,High
582,Kiran,No,Yes,No,No,No,Yes,Yes,Yes,Yes,No,No,Medium
583,Aswin,Yes,No,Yes,No,Yes,No,No,Yes,Yes,No,No,High
584,Daniel,No,Yes,No,Yes,Yes,Yes,Yes,No,No,Yes,No,Low
585,Ashwathy,Yes,Yes,No,No,Yes,Yes,Yes,Yes,Yes,No,No,Medium
586,Hareesh,Yes,No,Yes,No,Yes,No,No,Yes,No,Yes,No,Medium
587,Michael,No,No,No,Yes,No,Yes,Yes,Yes,No,Yes,Yes,Low
588,AdwaidUdith,No,Yes,Yes,No,No,No,No,Yes,Yes,Yes,No,Low
589,Harper,Yes,Yes,No,No,Yes,Yes,No,No,Yes,Yes,No,Low
590,Harper,No,No,Yes,Yes,Yes,Yes,Yes,No,No,Yes,No,Medium
591,Ganga,No,No,Yes,Yes,Yes,Yes,No,No,Yes,Yes,No,High
592,Emma,No,No,No,Yes,Yes,No,No,Yes,Yes,Yes,No,High
593,Sophia,Yes,Yes,No,No,No,Yes,No,Yes,Yes,Yes,Yes,Low
594,Emma,Yes,No,No,No,No,No,No,Yes,No,No,Yes,Low
595,Jithin,Yes,Yes,Yes,No,No,Yes,Yes,Yes,No,No,No,Low
596,James,Yes,No,No,No,Yes,Yes,Yes,No,No,No,Yes,Low
597,Ridha,No,No,Yes,No,No,Yes,No,Yes,No,No,No,Medium
598,Gokul,Yes,No,No,No,Yes,No,No,No,Yes,Yes,Yes,High
599,Arjun,No,No,No,Yes,Yes,Yes,No,No,No,No,Yes,Low
600,Ava,No,No,Yes,No,Yes,No,No,No,Yes,Yes,Yes,Low
601,Hareesh,No,No,Yes,Yes,No,No,Yes,Yes,No,Yes,Yes,Medium
602,Amelia,Yes,No,Yes,No,No,Yes,Yes,Yes,No,No,Yes,Medium
603,Hareesh,No,No,No,No,No,Yes,No,No,Yes,Yes,Yes,Medium
604,Aarshikha,No,No,No,No,No,No,Yes,Yes,Yes,Yes,Yes,Low
605,David,Yes,Yes,No,No,No,No,Yes,No,No,Yes,No,High
606,Vismaya,No,No,Yes,No,No,Yes,No,Yes,Yes,No,Yes,Medium
607,Ganga,Yes,No,No,Yes,Yes,Yes,Yes,No,Yes,Yes,Yes,Medium
608,Evelyn,No,No,No,Yes,Yes,Yes,Yes,Yes,No,No,No,Low
609,Fahmida,Yes,Yes,No,Yes,Yes,Yes,Yes,No,No,Yes,Yes,Low
610,Michael,No,No,No,Yes,Yes,Yes,No,Yes,Yes,Yes,Yes,Low
611,Elijah,Yes,Yes,No,No,No,No,No,No,No,Yes,No,Medium
612,James,No,No,No,Yes,Yes,No,No,No,Yes,No,No,High
613,Goutham,Yes,Yes,No,No,Yes,Yes,Yes,No,Yes,No,Yes,Low
614,Aashiyan,No,No,Yes,No,Yes,Yes,Yes,No,No,Yes,No,Medium
615,AdwaidUdith,No,No,No,Yes,No,No,Yes,No,Yes,Yes,No,Medium
616,Elijah,No,No,No,Yes,Yes,No,No,No,No,Yes,Yes,Low
617,Ganga,Yes,Yes,No,Yes,Yes,Yes,Yes,No,No,No,No,Medium
618,Adarsh,No,No,Yes,Yes,No,Yes,No,No,Yes,No,Yes,Low
619,Ashik,No,Yes,No,No,No,No,Yes,Yes,No,No,No,Low
620,Farook,No,No,No,Yes,No,No,No,Yes,Yes,Yes,No,High
621,Ashwathy,Yes,Yes,No,No,No,No,No,No,No,No,No,Low
622,William,Yes,Yes,No,Yes,No,No,No,Yes,Yes,Yes,No,Medium
623,Ava,Yes,Yes,No,No,No,No,Yes,Yes,No,Yes,No,Medium
624,Navaneeth,Yes,No,Yes,Yes,No,No,Yes,Yes,Yes,No,Yes,Low
625,Adarsh,Yes,Yes,Yes,No,Yes,No,No,Yes,No,Yes,Yes,Low
626,Olivia,No,Yes,No,No,Yes,No,No,No,Yes,Yes,Yes,Low
627,Zuhara,No,No,No,No,No,Yes,Yes,No,No,Yes,No,High
628,Elijah,Yes,No,Yes,No,Yes,Yes,No,Yes,No,Yes,No,High
629,Drishya,Yes,No,No,Yes,Yes,No,No,Yes,No,Yes,Yes,Low
630,Vismaya,Yes,No,No,Yes,No,No,Yes,Yes,Yes,No,No,Medium
631,AdwaidUdith,Yes,No,Yes,Yes,Yes,Yes,Yes,No,Yes,No,No,Medium
632,Mia,Yes,Yes,Yes,Yes,No,No,No,No,No,Yes,No,Medium
633,Drishya,Yes,No,No,Yes,No,No,No,No,No,Yes,No,High
634,Gokul,No,No,No,Yes,Yes,No,Yes,No,Yes,No,No,High
635,Imthiyaz,No,No,No,Yes,No,Yes,Yes,Yes,Yes,Yes,Yes,Low
636,Sophia,Yes,No,Yes,Yes,Yes,Yes,No,Yes,No,No,No,Low
637,Ashik,Yes,Yes,Yes,Yes,Yes,Yes,No,No,Yes,Yes,Yes,Low
638,Arjit,No,No,Yes,Yes,No,Yes,Yes,No,Yes,No,No,Low
639,Zuhara,No,No,Yes,Yes,No,No,No,Yes,Yes,No,No,Medium
640,Hareesh,Yes,No,No,Yes,No,Yes,Yes,Yes,Yes,Yes,Yes,Low
641,Aarshikha,Yes,Yes,Yes,Yes,Yes,No,No,No,No,Yes,Yes,High
642,Ridha,Yes,Yes,No,No,No,Yes,No,No,No,Yes,No,Low
643,AdwaidUdith,Yes,Yes,No,Yes,No,No,Yes,Yes,Yes,No,Yes,Medium
644,Harper,Yes,Yes,Yes,No,No,Yes,Yes,No,No,Yes,No,High
645,AdwaidUdith,No,Yes,Yes,No,No,Yes,No,No,No,Yes,No,High
646,William,No,Yes,Yes,Yes,No,No,No,No,Yes,Yes,No,Low
647,Vismaya,Yes,No,Yes,Yes,Yes,Yes,No,No,No,No,No,High
648,Jacob,Yes,No,Yes,Yes,No,No,Yes,No,No,Yes,Yes,High
649,Evelyn,No,Yes,Yes,No,Yes,Yes,No,No,No,No,No,Low
650,Ganga,No,Yes,No,No,No,No,No,Yes,Yes,No,Yes,Medium
651,Fathima,Yes,Yes,No,Yes,Yes,No,Yes,No,No,Yes,Yes,Medium
652,Imthiyaz,No,Yes,No,Yes,Yes,No,No,No,Yes,Yes,Yes,High
653,Ajit,Yes,Yes,Yes,Yes,Yes,No,Yes,No,No,No,No,Medium
654,Isabella,No,No,Yes,Yes,No,No,Yes,No,Yes,Yes,No,High
655,Harper,Yes,Yes,No,Yes,Yes,No,No,No,No,Yes,Yes,Low
656,Charlotte,No,No,Yes,No,No,Yes,Yes,Yes,Yes,No,Yes,Medium
657,Nihal,Yes,No,No,No,Yes,No,Yes,No,Yes,No,No,Medium
658,Zuhara,Yes,No,No,No,No,Yes,No,No,No,No,Yes,High
659,Drishya,Yes,No,No,No,Yes,No,Yes,No,Yes,No,No,High
660,David,No,Yes,No,No,No,No,No,Yes,Yes,No,Yes,Low
661,Farook,Yes,Yes,No,No,No,Yes,No,Yes,No,Yes,No,Low
662,Arjun,Yes,Yes,No,No,No,Yes,Yes,Yes,Yes,No,Yes,High
663,Hareesh,Yes,Yes,No,Yes,Yes,No,Yes,No,Yes,Yes,Yes,High
664,Kiran,Yes,Yes,No,No,Yes,Yes,No,No,Yes,No,Yes,Medium
665,Daniel,Yes,No,No,Yes,Yes,Yes,Yes,Yes,Yes,Yes,Yes,Medium
666,Matthew,No,Yes,Yes,No,Yes,No,No,No,No,Yes,Yes,High
667,Imthiyaz,Yes,Yes,No,Yes,No,No,Yes,No,No,No,Yes,High
668,Drishya,No,Yes,Yes,Yes,Yes,No,No,Yes,No,Yes,Yes,Medium
669,Aswin,No,No,Yes,Yes,Yes,Yes,Yes,No,No,No,Yes,Medium
670,Daniel,No,No,No,Yes,Yes,No,No,Yes,No,Yes,Yes,Low
671,Jacob,No,No,No,No,No,Yes,No,No,No,No,Yes,Low
672,Emma,Yes,No,No,Yes,No,Yes,Yes,Yes,No,Yes,No,Low
673,Aarshikha,Yes,Yes,Yes,No,No,Yes,Yes,Yes,No,Yes,Yes,Medium
674,Navaneeth,No,No,Yes,Yes,Yes,No,No,Yes,No,No,Yes,Low
675,Amelia,Yes,No,No,Yes,No,No,No,No,Yes,No,Yes,High
676,Aswin,Yes,Yes,No,Yes,No,No,No,Yes,No,No,No,Medium
677,Charlotte,No,No,Yes,No,No,Yes,No,No,Yes,Yes,No,Low
678,Olivia,Yes,No,No,Yes,Yes,Yes,No,Yes,No,No,Yes,Medium
679,Ashik,No,Yes,Yes,Yes,No,No,No,Yes,No,Yes,No,Medium
680,Arjit,No,Yes,Yes,No,Yes,Yes,Yes,Yes,Yes,Yes,Yes,High
681,Olivia,Yes,Yes,No,Yes,Yes,Yes,No,Yes,Yes,Yes,Yes,Low
682,Jacob,Yes,Yes,Yes,No,No,Yes,Yes,Yes,Yes,Yes,Yes,Medium
683,Aswin,Yes,Yes,No,Yes,Yes,No,No,Yes,No,Yes,No,High
684,Ava,No,No,No,Yes,No,Yes,No,Yes,Yes,No,No,Low
685,Elijah,No,Yes,No,No,Yes,No,No,Yes,Yes,Yes,No,Medium
686,Arjun,No,No,No,No,Yes,No,No,No,Yes,Yes,No,High
687,Hareesh,Yes,No,No,Yes,Yes,No,Yes,Yes,No,No,Yes,Medium
688,Arjun,Yes,Yes,No,No,No,Yes,No,Yes,Yes,Yes,Yes,High
689,Aashiyan,No,Yes,Yes,No,No,Yes,No,Yes,No,Yes,No,Medium
690,Ashik,Yes,Yes,No,Yes,No,No,No,Yes,Yes,No,Yes,Low
691,Jithin,Yes,No,No,Yes,Yes,Yes,Yes,Yes,Yes,Yes,Yes,High
692,Navaneeth,Yes,Yes,No,Yes,Yes,Yes,No,Yes,Yes,No,No,Low
693,Anand,No,No,No,No,No,No,No,No,Yes,No,No,Low
694,Evelyn,Yes,No,No,Yes,Yes,No,No,No,No,No,No,High
695,Ashik,No,Yes,Yes,No,Yes,Yes,No,No,No,Yes,Yes,Low
696,Ridha,No,No,Yes,Yes,No,Yes,No,No,Yes,No,No,Low
697,Aswin,Yes,Yes,Yes,No,No,No,No,Yes,Yes,No,Yes,Medium
698,Harper,No,No,Yes,Yes,Yes,No,No,No,No,Yes,No,Medium
699,Arjun,No,Yes,No,No,No,No,Yes,Yes,No,No,Yes,Medium
700,Drishya,Yes,Yes,Yes,Yes,No,Yes,Yes,No,Yes,No,Yes,Low
701,Aarshikha,Yes,No,No,No,Yes,Yes,Yes,Yes,No,Yes,Yes,High
702,Charlotte,Yes,Yes,Yes,No,Yes,No,Yes,No,No,Yes,Yes,High
703,Olivia,No,No,Yes,No,No,Yes,No,No,No,Yes,Yes,Medium
704,Drishya,No,Yes,Yes,No,Yes,Yes,No,No,Yes,No,No,Medium
705,Mia,Yes,No,No,No,No,Yes,Yes,Yes,Yes,Yes,No,Medium
706,Mia,No,No,No,Yes,Yes,No,Yes,No,No,No,Yes,Medium
707,Jithin,Yes,Yes,Yes,Yes,No,No,Yes,No,Yes,Yes,No,Medium
708,Emma,No,Yes,No,Yes,No,Yes,No,No,No,No,No,Low
709,David,No,No,No,No,Yes,No,Yes,No,Yes,Yes,Yes,High
710,Harper,Yes,Yes,Yes,No,No,Yes,Yes,No,No,No,No,Medium
711,Jyothika,No,No,Yes,No,No,Yes,Yes,Yes,No,Yes,Yes,Low
712,Jacob,Yes,Yes,No,Yes,Yes,Yes,No,Yes,Yes,Yes,Yes,Medium
713,Ashik,No,No,No,Yes,Yes,Yes,No,No,No,Yes,Yes,Medium
714,Mia,Yes,Yes,No,No,Yes,No,No,Yes,Yes,Yes,No,High
715,Ajit,No,Yes,Yes,Yes,No,Yes,Yes,Yes,Yes,No,Yes,Low
716,James,Yes,No,Yes,No,No,No,No,Yes,Yes,No,No,Medium
717,Aswin,No,No,No,No,Yes,No,Yes,No,No,Yes,No,High
718,Navaneeth,No,No,Yes,No,Yes,No,No,No,Yes,Yes,No,Medium
719,AdwaidUdith,Yes,Yes,Yes,No,Yes,No,No,No,No,No,No,High
720,Fathima,Yes,Yes,No,Yes,No,No,Yes,Yes,No,No,Yes,Medium
721,Fathima,Yes,Yes,No,Yes,No,No,Yes,Yes,No,Yes,Yes,Medium
722,Drishya,No,No,Yes,No,No,Yes,Yes,Yes,No,Yes,Yes,Medium
723,Arjun,No,Yes,No,Yes,Yes,Yes,No,No,Yes,No,No,Medium
724,Sinan,Yes,No,No,No,Yes,No,Yes,Yes,Yes,Yes,Yes,Low
725,Aashiyan,Yes,Yes,No,No,Yes,No,No,Yes,No,Yes,Yes,High
726,Gokul,Yes,Yes,Yes,Yes,No,No,Yes,Yes,Yes,Yes,Yes,High
727,Aarshikha,Yes,No,No,Yes,Yes,No,Yes,No,Yes,No,Yes,Low
728,Matthew,No,No,No,No,Yes,No,No,No,No,No,No,Low
729,Sophia,No,No,No,Yes,Yes,Yes,No,Yes,Yes,No,Yes,Medium
730,Emma,No,Yes,Yes,Yes,Yes,Yes,Yes,Yes,No,Yes,Yes,High
731,Adarsh,Yes,No,No,Yes,Yes,No,No,No,Yes,No,Yes,High
732,Rohith,No,No,Yes,No,No,Yes,Yes,No,No,No,No,Low
733,Elijah,Yes,No,No,Yes,Yes,No,No,No,Yes,Yes,No,Low
734,Olivia,Yes,No,Yes,Yes,Yes,Yes,No,Yes,Yes,Yes,No,Low
735,Ganga,No,Yes,No,No,Yes,Yes,Yes,No,Yes,No,No,Medium
736,Rohith,No,Yes,No,No,No,Yes,No,No,No,No,Yes,High
737,Zuhara,No,Yes,Yes,No,Yes,No,Yes,Yes,Yes,No,Yes,High
738,Navaneeth,Yes,Yes,Yes,Yes,Yes,Yes,No,No,Yes,Yes,Yes,Medium
739,Navaneeth,Yes,Yes,No,No,Yes,Yes,Yes,Yes,No,Yes,No,High
740,Fahmida,Yes,Yes,Yes,Yes,Yes,No,Yes,No,No,Yes,No,High
741,James,No,Yes,Yes,Yes,Yes,No,No,No,Yes,Yes,Yes,Low
742,Adarsh,No,Yes,No,Yes,Yes,Yes,No,Yes,No,Yes,Yes,High
743,Sinan,Yes,No,Yes,No,Yes,No,No,Yes,Yes,Yes,Yes,Low
744,Harper,Yes,Yes,Yes,No,Yes,Yes,Yes,Yes,No,Yes,Yes,Medium
745,James,Yes,Yes,Yes,Yes,No,No,Yes,No,Yes,Yes,Yes,Low
746,Isabella,No,Yes,No,No,Yes,No,No,Yes,Yes,Yes,No,Medium
747,Navaneeth,No,Yes,Yes,No,No,No,No,No,No,No,Yes,High
748,Benjamin,No,Yes,Yes,Yes,No,No,Yes,Yes,No,No,No,Low
749,Amelia,No,Yes,Yes,Yes,No,Yes,No,No,No,Yes,No,Low
750,Adarsh,Yes,No,No,No,No,No,Yes,Yes,No,No,No,Medium
751,Navaneeth,No,Yes,Yes,No,No,No,No,Yes,Yes,No,Yes,Medium
752,Adarsh,Yes,Yes,No,No,No,Yes,No,Yes,Yes,Yes,Yes,Medium
753,Dilna,Yes,No,Yes,Yes,No,Yes,Yes,No,Yes,Yes,No,Low
754,Sophia,Yes,Yes,No,Yes,Yes,Yes,Yes,No,Yes,Yes,Yes,High
755,Jacob,No,Yes,No,Yes,No,No,Yes,Yes,No,Yes,Yes,Medium
756,Isabella,Yes,No,Yes,No,No,Yes,No,No,No,No,No,Medium
757,Farook,No,Yes,Yes,Yes,Yes,No,No,Yes,No,Yes,Yes,Low
758,Imthiyaz,Yes,No,No,No,Yes,Yes,No,Yes,Yes,Yes,No,Medium
759,Benjamin,Yes,Yes,Yes,No,Yes,Yes,Yes,Yes,Yes,Yes,No,Medium
760,Ava,Yes,Yes,No,Yes,No,Yes,No,Yes,No,Yes,Yes,Medium
761,Hareesh,Yes,Yes,No,Yes,No,No,No,Yes,No,No,Yes,Medium
762,Adarsh,Yes,Yes,Yes,No,Yes,Yes,Yes,No,No,No,Yes,High
763,Gokul,No,No,No,Yes,Yes,Yes,No,No,Yes,Yes,Yes,Low
764,Ashwathy,No,No,Yes,No,No,No,Yes,No,No,Yes,No,Medium
765,Kiran,No,Yes,No,No,No,Yes,Yes,No,No,Yes,No,Medium
766,Ashwathy,Yes,No,No,Yes,No,No,No,No,No,Yes,Yes,Low
767,Dilna,No,No,No,Yes,No,No,No,Yes,Yes,Yes,No,Medium
768,Michael,Yes,No,No,No,No,Yes,No,No,Yes,Yes,No,Medium
769,Goutham,Yes,Yes,No,Yes,Yes,No,No,Yes,No,Yes,No,Low
770,Jithin,No,Yes,Yes,Yes,No,Yes,No,No,Yes,No,Yes,Medium
771,Michael,Yes,No,No,No,No,Yes,No,No,No,Yes,Yes,High
772,Rohith,No,Yes,No,Yes,No,No,No,No,Yes,No,No,High
773,Sophia,Yes,No,No,No,No,No,Yes,Yes,No,No,No,Medium
774,Ajit,Yes,Yes,No,No,Yes,Yes,No,Yes,No,No,Yes,Medium
775,David,No,Yes,Yes,No,No,Yes,No,No,Yes,No,No,Low
776,Sinan,No,Yes,Yes,Yes,No,Yes,No,No,Yes,No,Yes,High
777,John,No,No,Yes,No,Yes,Yes,No,Yes,No,No,Yes,High
778,Farook,No,No,No,Yes,Yes,No,Yes,No,No,No,No,Medium
779,Harper,Yes,No,Yes,No,Yes,No,No,Yes,Yes,No,No,Low
780,Daniel,No,No,No,No,No,Yes,No,Yes,Yes,Yes,Yes,Low
781,Dilna,Yes,Yes,Yes,Yes,No,No,Yes,Yes,Yes,No,No,Medium
782,Ava,Yes,Yes,No,Yes,No,Yes,Yes,No,No,No,No,High
783,Aashiyan,No,Yes,No,Yes,Yes,No,No,Yes,Yes,Yes,No,Low
784,Ajit,No,No,Yes,Yes,Yes,No,No,Yes,No,Yes,Yes,Medium
785,Farook,No,Yes,No,No,No,No,Yes,No,No,No,No,High
786,Imthiyaz,Yes,Yes,Yes,No,Yes,No,Yes,Yes,Yes,Yes,Yes,Medium
787,Jithin,No,Yes,No,No,Yes,Yes,No,No,No,Yes,No,Medium
788,Navaneeth,No,Yes,No,No,No,Yes,Yes,No,Yes,No,No,High
789,Rohith,Yes,No,No,No,Yes,No,No,Yes,No,No,Yes,High
790,Drishya,Yes,No,No,No,No,Yes,Yes,Yes,Yes,No,Yes,Medium
791,James,No,No,No,Yes,No,Yes,No,Yes,Yes,Yes,Yes,High
792,Fahmida,Yes,Yes,Yes,No,Yes,Yes,Yes,Yes,No,Yes,Yes,Low
793,Olivia,No,Yes,No,Yes,No,Yes,Yes,No,No,No,Yes,Medium
794,William,Yes,No,No,Yes,No,No,Yes,No,No,Yes,Yes,Medium
795,Jacob,No,No,Yes,Yes,No,Yes,No,No,Yes,No,No,Medium
796,Isabella,No,Yes,No,No,No,No,No,Yes,No,Yes,Yes,High
797,Benjamin,No,Yes,No,Yes,Yes,No,Yes,No,Yes,Yes,Yes,Medium
798,Amelia,No,No,Yes,Yes,No,No,Yes,No,Yes,No,Yes,Medium
799,Ashwathy,No,Yes,Yes,No,No,No,Yes,Yes,No,No,Yes,Low
800,Benjamin,Yes,No,Yes,No,Yes,Yes,No,Yes,No,No,No,Low
