Timestamp,Name,Gender,Phone no,Email,Department,Percentage of marks up to current semester,Differently abled student,Participated in extra curricular activities,I will drink more water,I will eat more nutritious food (iron rich)
3/4/2023 11:06:55,Nimisha K,Female,8156892168,nimishakabc@gmail.com ,IT,Medium,no,yes,yes,yes
3/4/2023 11:10:07,Richu Rose Lazer ,Female,9207218410,richuroselazer@gmail.com,CSE,Medium,no,yes,yes,yes
3/4/2023 19:26:40,Aswin k,Male,7356026924,aswinbhaskaran001@gmail.com,IT,Medium,no,no,yes,yes
3/4/2023 19:33:05,Ganga Prakash ,Female,6235470108,gangaprakash1101@gmail.com,IT,Medium,no,yes,yes,yes
3/6/2023 15:54:42,Rohith Raj Nambiar,Male,9605860539,rohithrjnr43@gmail.com,IT,Medium,no,yes,yes,No
3/6/2023 20:16:20,Ganga Prakash ,Female,6235470108,gangaprakash1101@gmail.com,IT,Medium,no,yes,yes,yes
3/11/2023 19:23:58,NIVEDYA MOHAN K K,Female,8078005492,nivedyamohan1@gmail.com,CE,Medium,no,yes,yes,yes
3/11/2023 19:25:07,Harikrishnan.p,Male,7560988243,harikrishnankichu777@gmail.com,ECE,Low,no,no,yes,yes
3/11/2023 19:26:03,Goutham Krishna P,Male,7994231854,gouthamkrishna15536@gmail.com ,ECE,Low,no,yes,yes,yes
3/11/2023 19:26:29,Devika Chandran ,Female,8078934439,devikachandran265@gmail.com ,EEE,Medium,no,yes,yes,yes
3/11/2023 19:26:59,Nikitha T,Female,7012434819,nikithakandoth@gmail.com,EEE,Low,no,yes,yes,yes
3/11/2023 19:27:03,Veena P ,Female,8075785251,veenap434@gmail.com,CE,high,no,yes,yes,yes
3/11/2023 19:27:43,Abhilash G Nambiar ,Male,8606447851,abhilashsreestha@gmail.com,EEE,Low,no,yes,yes,yes
3/11/2023 19:28:40,Abhinand Mohan,Male,7736317431,abhinandmohan404@gmail.com,EEE,Medium,no,yes,yes,yes
3/11/2023 19:29:30,Haritha K,Female,7736743380,harithajaya30@gmail.com,ECE,Low,no,yes,yes,yes
3/11/2023 19:29:52,Revathi Ravi,Female,7561066282,revathiravi2468@gmail.com,CE,high,no,yes,yes,yes
3/11/2023 19:30:30,Sabarinath Rajeev,Male,7736120734,sabarinathrajeev32@gmail.com,ECE,Medium,no,yes,yes,yes
3/11/2023 19:32:03,NANDANA KRISHNA ,Female,9497728344,nandanakrishna423@gmail.com,CE,Medium,no,yes,yes,yes
3/11/2023 19:32:09,Amritha. C,Female,7306360599,amrithac987@gmail.com,CE,Low,yes,no,yes,yes
3/11/2023 19:32:36,Rishna K Rajeev ,Female,8304823654,rishnakr@gmail.com,EEE,Medium,no,yes,yes,yes
3/11/2023 19:33:25,Ospher oridathe,Male,9611358048,ospher22oridathe@gmail.com,EEE,Low,no,no,yes,yes
3/11/2023 19:33:48,Aryananda M E ,Female,6235188915,aryanandame2004@gmail.com,CE,Medium,no,yes,yes,yes
3/11/2023 19:34:15,GOPIKA T M,Female,8590538052,gopuzz777@gmail.com,EEE,Low,no,yes,No,yes
3/11/2023 19:34:21,Amegha Madhu,Female,7736993100,ameghamadhu24@gmail.com,EEE,Medium,no,yes,No,No
3/11/2023 19:34:42,Navyasreedhar ,Female,9633364912,navyasreedhar069@gmail.com ,CE,high,no,yes,yes,No
3/11/2023 19:35:27,Sreeraj.k,Male,8075312172,,CSE,Medium,no,no,yes,No
3/11/2023 19:36:19,Rahul P P,Male,9744344927,rahulppz202@gmail.com,CSE,Medium,no,yes,yes,yes
3/11/2023 19:36:22,Shonima Vinodkumar ,Female,7907453043,shonimavinodkumar24@gmail.com,EEE,Medium,no,no,yes,yes
3/11/2023 19:36:24,Navaneeth P ,Male,9562962427,pnavaneeth59@gmail.com,CSE,Low,no,no,yes,yes
3/11/2023 19:36:40,Nayana Manoharan,Female,9778251260,nayanamanohran2002@gmail.com,CSE,Medium,no,yes,yes,yes
3/11/2023 19:37:36,Ayishath shafna kader,Female,9061571329,shafnakader9@gmail.com,CE,Medium,no,no,yes,yes
3/11/2023 19:38:30,Shravan Suresh,Male,8606399789,shravansrsh64@gmail.com,ECE,Medium,no,yes,No,No
3/11/2023 19:38:32,Haritha TS,Female,8078476526,harithatsahadevan99@gmail.com ,CE,Medium,no,no,yes,yes
3/11/2023 19:40:34,Prabin Chandran k ,Male,8547510837,prabinchk@gmail.com ,CE,Medium,no,yes,yes,yes
3/11/2023 19:41:18,Dhanooj ,Male,9400526115,dhanoojedat@gmail.com,EEE,Medium,no,yes,yes,yes
3/11/2023 19:41:59,Anaswara P ,Female,,,CE,high,no,no,yes,yes
3/11/2023 19:42:31,Aswathi K,Female,,,CE,Medium,no,yes,yes,yes
3/11/2023 19:42:43,VIVEK K,Male,7025601046,Vivekkichu31@gmail.com ,CE,Medium,no,yes,yes,yes
3/11/2023 19:43:23,Muhsina CM,Female,9074587773,muhsina2002cm@gmail.com ,CE,Medium,no,no,yes,yes
3/11/2023 19:43:26,Aparna ,Female,8589053127,aparnarajmavila49@gmail.com ,CE,Medium,no,yes,yes,yes
3/11/2023 19:43:41,Jaseela.ac,Female,7356144355,jazilajaaz@gmail.com,CE,Medium,no,yes,yes,yes
3/11/2023 19:44:00,Sreehari vs,Male,9400154121,sreeharivs999@gmail.com,CSE,Medium,no,no,yes,yes
3/11/2023 19:44:16,Mubashir,Male,7994580702,muhammed.mubashi0702@gmail.com,CSE,Medium,no,no,yes,yes
3/11/2023 19:45:01,Amal,Male,9048317615,amaltkrr@gmail.com,ECE,Medium,no,yes,yes,No
3/11/2023 19:45:36,Sanal Dath G S ,Male,7510352561,sathisanal3115@gmail.com,ECE,Medium,no,yes,yes,yes
3/11/2023 19:45:38,Devaranjan vinod,Male,7356287049,devaranjvinod@gmail.com,ECE,Medium,no,yes,yes,yes
3/11/2023 19:47:42,Vimal Madhavan,Male,9567016420,vmvimalmadhavan@gmail.com,CSE,Medium,no,yes,yes,yes
3/11/2023 19:47:43,Midhun Dinesh ,Male,,midhundinesh14@gmail.com,EEE,Medium,no,yes,yes,yes
3/11/2023 19:47:58,Akash.P,Male,9400869984,akashp25072002@gmail.com,ECE,Medium,no,no,yes,yes
3/11/2023 19:48:07,Muhammed Razi Yahya,Male,9567618129,raziayar780@gmail.com,CSE,high,no,yes,yes,yes
3/11/2023 19:48:21,Mithuna V V ,Female,7902288450,mithunavv2002@gmail.com ,CE,Low,no,no,yes,yes
3/11/2023 19:48:54,Drishya Baburaj ,Female,7994073086,Drishyapoyyil2k01@gmail.com,IT,Medium,no,no,yes,yes
3/11/2023 19:49:01,ANUSRI C,Female,7994627412,anusric11@gmail.com,ECE,Medium,no,yes,yes,yes
3/11/2023 19:49:04,Najeela Abdulla T ,Female,8714786404,najeelathalakkal@gmail.com ,CE,high,no,yes,yes,yes
3/11/2023 19:49:31,Sreddha Suresh ,Female,,,CE,Medium,no,no,yes,yes
3/11/2023 19:50:06,Sidharth R,Male,7356150074,Sidhathradhakrishnan2001@gmail.com,CSE,Medium,no,no,yes,No
3/11/2023 19:51:24,Avanthika. p.k,Female,9645498863,avanthikamadathilkandyil@Gmail.com ,EEE,Medium,no,yes,yes,yes
3/11/2023 19:51:50,Vismaya P P,Female,9037151984,ppvismaya37@gmail.com,CE,Medium,no,no,No,yes
3/11/2023 19:53:05,Veena Baburaj,Female,08129740021,veenababuraj007@gmail.com,CE,Medium,no,yes,yes,yes
3/11/2023 19:53:30,Emil S Prajith,Male,8078185034,,CSE,Medium,no,yes,No,No
3/11/2023 19:54:47,Adhil,Male,,,CSE,Low,no,yes,yes,yes
3/11/2023 19:55:58,Swathidarsana,Female,7510135224,swathidarsana004@gmail.com,CSE,Medium,no,yes,yes,yes
3/11/2023 19:56:50,Vaishnav R Nair ,Male,9746134924,vaishnavvichu1012@gmail.com,CSE,Medium,no,yes,yes,yes
3/11/2023 19:57:07,ARATHI A,Female,7012666978,arathiaathi30@gmail ,CE,Low,no,yes,No,No
3/11/2023 19:58:25,Muhammed sirfan,Male,7736883096,Muhammedsirfan123@gmail.com,ECE,Low,no,yes,yes,yes
3/11/2023 19:58:59,Sneha P M,Female,7907400186,snehapmmundayil@gmail.com ,CE,high,no,yes,yes,yes
3/11/2023 19:59:11,NITHIN KP,Male,7736763353,nithinnithi1561@gmail.con,CSE,Medium,no,no,yes,yes
3/11/2023 19:59:13,P. Shalu,Female,9744164017,sajitharahiman43@gmail.com,CE,high,no,yes,yes,yes
3/11/2023 19:59:17,Nafeesath A G,Female,9567238689,Nafeesathanjillath@gmail.com,CE,Medium,no,yes,yes,yes
3/11/2023 20:00:06,Nikhilraj pk,Male,8590545755,Nikhilrajpk2002@gmail.com,CSE,high,no,yes,yes,yes
3/11/2023 20:03:51,Malavika p ,Female,9400157253,malavikap021@gmail.com,ECE,Medium,no,no,yes,yes
3/11/2023 20:04:26,Neehar Chandran A,Male,7994242201,nca80181@gmail.com,CSE,Medium,no,yes,yes,yes
3/11/2023 20:04:48,Akhil A,Male,7558032485,akhilaayikkal@gmail.com,ECE,Medium,no,yes,yes,yes
3/11/2023 20:04:59,Arjun,Male,8921994794,arjunganesh222@gmail.com,CE,Low,no,no,yes,yes
3/11/2023 20:05:35,Adithya kv,Female,6282551504,adithyasujesh03@gmail.com,EEE,Medium,no,yes,yes,No
3/11/2023 20:05:49,Sreeya ,Female,9497761589,sreeyajayarajan@gmail.com ,CSE,Medium,no,yes,yes,yes
3/11/2023 20:08:37,Kiran TR,Male,9562958355,kirantr573@gmail.com,EEE,Medium,no,no,yes,yes
3/11/2023 20:09:39,Abhijith S,Male,8330063029,getmeabhi828@gmail.com,CSE,Medium,no,yes,No,No
3/11/2023 20:10:06,Anugraha P,Female,9447548754,pradeepanugraha896@gmail.com,CE,Medium,no,yes,No,No
3/11/2023 20:10:21,Aswin Satish,Male,8606173395,aswinsatish79@gmail.com,CSE,Medium,no,yes,yes,yes
3/11/2023 20:10:23,Raheeba Abdul Rahim ,Female,7510520016,raheebabdulrahim@gmail.com,CSE,Medium,no,yes,yes,yes
3/11/2023 20:11:16,MEGHA K V,Female,7736837250,meghakv1234@gmail.com,CSE,Medium,no,yes,yes,yes
3/11/2023 20:11:19,Siva N Satheesh ,Male,,,CE,high,no,yes,yes,yes
3/11/2023 20:12:46,GOUTHAM VIJAY,Male,7306556211,gouthamvijay317@gmail.com,CSE,Medium,no,no,yes,yes
3/11/2023 20:14:28,Avinash A R ,Male,7025122059,avichiruthalayam66@gmail.com ,CSE,Medium,no,yes,yes,yes
3/11/2023 20:14:59,Anamika,Female,,,CSE,high,no,yes,yes,yes
3/11/2023 20:17:41,Aishwarya ,Female,9745918316,aishwaryavs661@gmail.com,ECE,Medium,no,yes,yes,yes
3/11/2023 20:18:30,Akshay K,Male,9496161938,akshaysuresan02@gmail.com,CSE,Medium,no,yes,yes,yes
3/11/2023 20:19:11,Aiswarya P S ,Female,6235146757,psaiswarya200@gmail.com,CSE,high,no,yes,yes,yes
3/11/2023 20:20:16,Vrinda ,Female,9072420980,vrindarajesh88@gmail.com,ECE,Medium,no,yes,yes,yes
3/11/2023 20:21:43,Nandana Chandran T,Female,9496573196,nandanat18@gmail.com ,ECE,Medium,no,yes,yes,No
3/11/2023 20:23:42,Vyshna.P,Female,9037123956,vyshnajayaram53370@gmail.com ,ECE,Medium,no,yes,yes,yes
3/11/2023 20:25:00,Namitha I V,Female,8078445663,namithaiv2003@gmail.com ,CE,high,no,yes,yes,No
3/11/2023 20:25:16,Sreepadh M,Male,9074611725,sreepadhsaseendran2002@gmail.com,CSE,high,no,yes,yes,yes
3/11/2023 20:26:16,Thara. KV,Female,9567414418,tharakv345@gmail.com ,EEE,Low,no,yes,yes,yes
3/11/2023 20:27:50,Malavika,Female,8590574858,malavikaragesh718@gmail.com,ECE,Medium,no,no,No,No
3/11/2023 20:27:52,Amal P V,Male,8078818250,amalpv457@gmail.com,CSE,Medium,no,yes,yes,yes
3/11/2023 20:29:20,Sreelakshmi p p,Female,9961968801,sreelakshmimandur@gmail.com,CSE,Medium,no,no,yes,No
3/11/2023 20:30:37,Sanjay,Female,9495273251,sanjaycheemeni@gmail.com,CSE,Low,no,no,yes,yes
3/11/2023 20:31:48,Sreehari,Male,,,CSE,Medium,no,yes,yes,yes
3/11/2023 20:31:56,Sneha Sajeevan,Female,9562833830,sajeevansneha53@gmail.com,ECE,high,no,yes,yes,yes
3/11/2023 20:32:37,Jishnu kr,Male,9061860857,jishnukrcetkr20@gmail.com ,CE,Medium,no,yes,No,yes
3/11/2023 20:39:13,Sreehari K P,Male,9061302500,skp959114@gmail.com,CSE,Medium,no,yes,yes,yes
3/11/2023 20:42:46,Anjana K,Female,7907384481,anjanakumesh123@gmail.com ,ECE,Medium,no,no,yes,yes
3/11/2023 20:43:43,Aiswarya Balakrishnan PP ,Female,8606378204,aiswarya12pp@gmail.com ,ECE,Medium,no,no,No,No
3/11/2023 20:44:42,Ashak Umesh,Male,9745179901,ashakumesh2020@gmail.com,CSE,Medium,no,yes,yes,yes
3/11/2023 20:45:40,Jishna Babu ,Female,7909117277,jishnababu712@gmail.com,CSE,Medium,no,yes,yes,yes
3/11/2023 20:48:40,Daniya Mariya Jiju,Female,6238062219,daniyamariya74@gmail.com,CSE,high,no,yes,yes,yes
3/11/2023 20:50:29,Dilna mv,Female,9947554553,dilnadilumv1999@gmail.com,IT,Medium,no,yes,yes,yes
3/11/2023 20:59:06,Jyothika C ,Female,9188432602,jyothikac99@gmail.com,IT,Medium,no,yes,yes,yes
3/11/2023 20:59:06,Athira K P ,Female,9074971344,athirakp778@gmail.com,ECE,Medium,no,no,yes,yes
3/11/2023 21:00:22,Abhirami K S,Female,9072235080,123abhiramisk@gmail.com ,ECE,Medium,no,yes,No,No
3/11/2023 21:01:21,Nandhana.K.V,Female,7306221466,nandhu.k.v212004@gmail.com,CE,Medium,no,yes,yes,yes
3/11/2023 21:03:19,Sreerag suresh,Male,8590463799,sreeragsuresh39@gmail.com,CSE,Low,no,yes,yes,yes
3/11/2023 21:03:50,Kishor K,Male,7306608481,kishorkrishnan1998@gmail.com,EEE,Low,no,yes,yes,yes
3/11/2023 21:07:15,Abhiram Prakashan ,Male,8075925486,abhiramprakashan9@gmail.com,CSE,Medium,no,yes,yes,yes
3/11/2023 21:08:38,ADHI,Male,,,CSE,Medium,no,yes,No,yes
3/11/2023 21:11:27,Richu Rose Lazer ,Female,9207218410,richuroselazer@gmail.com,CSE,Medium,no,yes,yes,yes
3/11/2023 21:17:50,Anagha murali ,Female,73062 35534,anaghamuralinair390@gmail.com ,CE,Medium,no,yes,yes,yes
3/11/2023 21:18:12,Amardev P V,Male,8113071979,amardevpv2001@gmail.com ,ECE,Medium,no,yes,yes,yes
3/11/2023 21:26:12,DONBOSCO CC,Male,08943002033,donboscocc2017@gmail.com,EEE,Medium,no,yes,yes,yes
3/11/2023 21:29:57,Fida,Female,9037655483,Fodashamsuddin23@gmail.com,ECE,Medium,no,no,yes,yes
3/11/2023 21:33:52,Nanditha MK,Female,9778275761,nandithananduzz41@gmail.com,ECE,Medium,no,no,yes,yes
3/11/2023 21:40:19,Fahisa P,Female,,,ECE,Medium,no,yes,No,yes
3/11/2023 21:47:32,Rahul Raj,Male,8078162799,rahulrajpariyacheri@gmail.com,CSE,Medium,no,no,yes,yes
3/11/2023 21:53:32,SOURAV C,Male,9562329081,souravraveendran05@gmail.com,EEE,Medium,no,no,yes,yes
3/11/2023 22:47:49,Rhithika.P,Female,8089122139,rhithikap@gmail.com,ECE,Medium,no,yes,yes,yes
3/11/2023 22:56:14,Sona. T,Female,7012469285,sonasreedharan18@gmail.com,ECE,Medium,no,yes,yes,yes
3/11/2023 23:11:06,Adithya Sathyan ,Female,9526086878,adithyasathyan05@gmail.com ,CSE,Medium,no,yes,yes,yes
3/11/2023 23:45:33,Ameerali P M,Male,9400325043,ameeralipm317@gmail.com,CSE,Medium,no,yes,yes,yes
3/11/2023 23:56:58,Anukrishna U,Female,7736653174,anuniya1315@gmail.com,CSE,Medium,no,yes,yes,yes
3/12/2023 0:32:13,JAHNU PAVITHRAN,Male,9947232350,jahnu88350@gmail.com,CE,Medium,no,yes,yes,yes